职位,地区,公司,薪资待遇,学历经验,公司领域,详情页
Python Web工程师,广州・天河区・员村,广东通建,9-12K,本科,通信/网络设备,https://www.zhipin.com/job_detail/0ec8db03900c0dc01Xd80t6_FFRR.html?lid=8mYmHqsyIo7.search.1&securityId=p0r4szF6pK7n2-31SuzOimwGyVwKM2W5JQzj4EbeDskMaGeZmlt1sYObYky387nHVty7hTLX9d5edQn13RQFErZHh74I2ZSFG-oEsR4Q4djGx1MzgBfT8zBeDVIphUw9K93KjTBJElBSy0Z1iadGOA~~&sessionId=
Data Engineer Python,广州・黄埔区・知识城,博彦科技,16-20K,本科,计算机软件,https://www.zhipin.com/job_detail/23f034dcdaf4bcba1XJ43tW6FVtT.html?lid=8mYmHqsyIo7.search.2&securityId=Nsbl3zaUAEP03-U1To0t9gf8mzcYeaR2ZOQ7jFacynOGSR4Y8s2Ix_SzWS3C-Te42tAXCah-9e3ZLj52BZVlQ_UvtSrvgnScdO5WLxtvD77ToH5bucrQptCD6bNrx3tqS94LoFiYo8jgcQuS4Cja&sessionId=
Python Developement Engineer,广州・天河区・天河北,渣打环球商业(广州),30-60K,本科,计算机服务,https://www.zhipin.com/job_detail/664ed77889f507ff1XR429q6EVJT.html?lid=8mYmHqsyIo7.search.3&securityId=q1vaDOK4fYg1P-X1H5KAz6js9xuCQhuHC0Una8fQBEcVM0jX6LwWASxdJdkLpovlJF4YM6EMUV8vmYLdiTPn-aM3Rttq5HzYSJ7Vd-Pm22jDZsTY9eI~&sessionId=
Python 开发工程师,广州・越秀区・中华广场,广州沃风科技有限公司,10-15K,本科,计算机软件,https://www.zhipin.com/job_detail/d934533e5d479b760HF82Nq5GFc~.html?lid=8mYmHqsyIo7.search.4&securityId=QwLV-uZCi597S-21EX6SIKK7SEc_F2qRqKRe55nThadODSS0pGQXIzuDnV6gkgY0x9bqIRGyc6F5VNdSjpd9N18rP_gPgO7fZnRe5KaTkhayWeiN&sessionId=
Python 后端工程师,广州・番禺区・新造,博瑞迪,15-25K・13薪,本科,检测/认证,https://www.zhipin.com/job_detail/9fbc9cf1bf5902661XZ709i1FlZU.html?lid=8mYmHqsyIo7.search.5&securityId=ErdJd3ac9p-h4-F1cDa8PL7vf4__o10K55TTYqN4FvQv0PBFz6Urz0vqPWmn18V_by4FkslQDp6gDqAO_WKVBwhaaqcirn0jqvvCs-8Uf7VxhoOcx7E~&sessionId=
Python 全栈开发,广州・海珠区・赤岗,RAXEN.CO,10-15K,本科,企业服务,https://www.zhipin.com/job_detail/77a711307a6e12810XZ_3dW0FlE~.html?lid=8mYmHqsyIo7.search.6&securityId=6HAj_NG8ATBPM-b1WagVWHRMdUETKK26YzSqnMKyJCxU1m4Jm5S4zkIhMfWDn80FUgYOV90aivoABhZa5p9xb-Eg3tD0DhExaAyjk5tU_jWx2UUb&sessionId=
HSGZ0005 Python Web工程师（Web服务方向）,广州・天河区・小新塘,瀚世,20-40K,本科,计算机软件,https://www.zhipin.com/job_detail/9e5b53c2725873fe1XF92969GVtW.html?lid=8mYmHqsyIo7.search.7&securityId=wKqGXH3Iw5Nnp-q19_QIgG2I15RmSyd8VFdIuwbAIWSpyh2fdzgbKKAaHhzWE27h6XGLr08HHuIlGDvYe7uR-GEPSM-Wb5uowfGchBFi9JFWXkU~&sessionId=
信息安全 外企 Python,广州・天河区・龙口,法本,20-28K,大专,计算机软件,https://www.zhipin.com/job_detail/eb0d8eca5601fe171XJ409--FFNZ.html?lid=8mYmHqsyIo7.search.8&securityId=dGflI5iBYXdc4-61oPKjqkCHkWv8sLdQYToW1QRHd9xpO1qax13RjlM1w79yBUu5k89PZOM96rpdxzfjxRCvDNPBrPn1ZvElqQ0fJOnXmHcpgkjWj1oB_82e-AdyUoimTSldPGPLpCt-mhcEwU_H&sessionId=
华为2012 python 软件工程师,广州,华为技术有限公司,18-35K・14薪,本科,计算机软件,https://www.zhipin.com/job_detail/c6243131690a53ff1XZ809S1EVNR.html?lid=8mYmHqsyIo7.search.9&securityId=whL1KM7VjJWxy-B1iXFlCPP1n89tTRXitcbxuGWc5GnnZPTUOZdvPfXnmhnHMLhR4TgkUk1UsaYwkRTpqpvZkcMWZngScKdhRrPd0I8jivbSCGonjQ~~&sessionId=
Python Django/Golang中高级后台开发,广州・天河区・车陂,深海互动,15-30K・13薪,本科,游戏,https://www.zhipin.com/job_detail/842bfc7a27a213c91XF82dm5F1RR.html?lid=8mYmHqsyIo7.search.10&securityId=vORvssrhchlIQ-X1O2_OZlDetWIT7s91Y05weDxKDaz__OfinUBsXDuDVTIcpeTY5gJUZjPMSzYyi6jsIJ3_R6vJ_oyofwrUkCRLP98712wD49UI9qo~&sessionId=
高级 python 开发工程师,广州・海珠区・赤岗,爱范儿,12-20K,本科,移动互联网,https://www.zhipin.com/job_detail/a1b71a8b9ab561471nZ-3Nu6EFpX.html?lid=8mYmHqsyIo7.search.11&securityId=ALemaZPkRiw55-V1ELqbcF4V_uYHeIEZ2_G6Qegj8D8KzDuwiu9efAnwSfj727LamuBKrPam6DXGouGDRQ9u_axFGJbJ1J_-y0AfL5NihLWK3s-hLPGQTY_r7BgP6rOxu5nhISnsdSEQXpW57bcY&sessionId=
Python 后端开发工程师,广州・天河区・棠下,咿咿呀呀,15-25K・15薪,本科,社交网络,https://www.zhipin.com/job_detail/ecef307ac851f4ee03V-3dq7ElE~.html?lid=8mYmHqsyIo7.search.12&securityId=S5DTwzaT-WJiC-L1KyQIHOpE9KmadenTFU6ssr7K7XVKDuivXR8n6iI8Hry3RytpyPjYPPYlLPo2R5Ujr1Vk4ODKwiAJUmIU-QFcH0CbAVwGNYZG&sessionId=
Python,广州・天河区・员村,坤舆科技,6-11K,本科,农/林/牧/渔,https://www.zhipin.com/job_detail/b1d2d32fb74b81791XV_3dm6F1ZQ.html?lid=8mYmHqsyIo7.search.13&securityId=HfeW5cjpLgUmm-R1sdKnVi3GTj8lW2W9VWg7UIdoPSRjZzrz4XDifDf0jb72m9km1_65N0sxIlqMcEZO9DeWyDVINAzTrb9ytM9e6anS6DQjx9E-5w~~&sessionId=
Python,广州,飞时,10-15K,本科,计算机软件,https://www.zhipin.com/job_detail/b8e4be5ae4bae6133nJz3tW6F1Q~.html?lid=8mYmHqsyIo7.search.14&securityId=Y67J9YoO3yD2O-s1y3uO8HZXPtfaVcABCq-si4Sh0zQ14wjOZfqdhfgQHhVou8IFllE1MPNK59AXglb5LfVfw4rXRUQ22J4q4J5cUkmbuivrbYs~&sessionId=
Python,广州・越秀区・环市东,华为技术有限公司,15-30K・14薪,本科,计算机软件,https://www.zhipin.com/job_detail/7d177644e50416a01nZ_3dq9EFdS.html?lid=8mYmHqsyIo7.search.15&securityId=_PQ4USmuMahyC-R11E9k3AXkIY4-NEFRhvlTBXTJbF-5KB6XZnZualOGKNr81ZVXR2xOz91spw8u34UlL2P-JJwgY3kh_PfYTv9OYPZvQyB2EEn8&sessionId=
Python,广州・增城区・中新,广州思坦德,10-15K,本科,计算机软件,https://www.zhipin.com/job_detail/9c6bf085ac74fdcf1XR-2N-9FlVS.html?lid=8mYmHqsyIo7.search.16&securityId=zhZttFb3nFBU2-A18aC-chbqgNMzd009TGEds1sukCnIN29dtK1GkISnR6cSfxU57U3dKoXGFl8czj8LXa0XbiZr-360ne6c7bj3eI6e9-AW4tobfw~~&sessionId=
Python,广州・越秀区・五羊新城,富融,7-12K,学历不限,计算机软件,https://www.zhipin.com/job_detail/35dd4db1a1d5f2de1Xx82ti8E1I~.html?lid=8mYmHqsyIo7.search.17&securityId=CtgJFdUMxRS9s-d12X3xVyHOLQMsErIVdn8Rx78Zyp-30e8KOCDCyOGydfF9yplfg1y9uzXHef8yE3Ic51JJ8kjXIS9dezKNHrFgDOIo42Z-m9Z7&sessionId=
Python,广州・天河区・五山,广东信翔,10-12K・13薪,大专,广告营销,https://www.zhipin.com/job_detail/984c17949cee45be3n1_3tW1EFA~.html?lid=8mYmHqsyIo7.search.18&securityId=kI-HT22LWCXtP-R1jZ8KA4oBxYk7FBH8OihBLXgEY4wGAWUFVZLJUDZr9sCrZJeAZkTIJOyXemqNmm5RWDIzbxJcx6aSaFU0-kp1usOMNnfSD4wd&sessionId=
Python,广州・海珠区・新港东,广东同欣智能科技,11-16K,本科,移动互联网,https://www.zhipin.com/job_detail/3328bdde6fc59aec1XB53dq5F1NY.html?lid=8mYmHqsyIo7.search.19&securityId=og0gDpEoLZW2r-11AMPc-BZdbWme_H_y3p_DA85kDuhtXF1tsT4wTziQ6_bD3qLejhlv6MaCFEJdTgNP3UVlEBD751twoXcl0lJR708bl6umV1ajRw~~&sessionId=
Python,广州・番禺区・南村,荔浦蓝茵,30-50K・14薪,本科,互联网,https://www.zhipin.com/job_detail/f68b05af3bd3cbfc1XR50tW_EFBU.html?lid=8mYmHqsyIo7.search.20&securityId=yBuU8I_Rr6jTq-o1fT5qtw1IgGNwhvFBxtZTpMBUvkjThYzQvRkeLBFd0mCNDteY-s-kNhipu_MoA8AR6GsGU5JlHjxkDQVMMwkNTz35nbwd4zuYo7A~&sessionId=
python,广州・海珠区・琶洲,信必优Symbio,13-18K,本科,互联网,https://www.zhipin.com/job_detail/82515b4f3841d2121XB63Ny0GFVQ.html?lid=8mYmHqsyIo7.search.21&securityId=86_fIAlc0moC4-q1__8eKP-MWUQ9geKHIWtzl3g15WBIhTPc1Ci0hNGPGTzLuiSUbYQKQ4JMleZJ4RPhMWylzflUiPRM4GuJh9Yqd8K8pROmf7fOXBjGV2wIFTjKbmvVZ6zCrqp9P8tj556TTfwi0g~~&sessionId=
Python,广州・天河区・元岗,ProQod普谷科技,10-15K,本科,互联网,https://www.zhipin.com/job_detail/7837a748b0673f660nR-3t68Elc~.html?lid=8mYmHqsyIo7.search.22&securityId=JcLIDULHfnzEJ-H1_CCUiA56ccnjrs-tx0qWdOhHNqUBunlahj04OdzVRMXO1xr_RC57wvB7ispaZNBaB-rr6VF-6lKEcJE0GnePEqjAjgUg0A~~&sessionId=
Python,广州・黄埔区・科学城,离火网络,20-25K,本科,游戏,https://www.zhipin.com/job_detail/612fa597e2b8a6151nN53t64GFdV.html?lid=8mYmHqsyIo7.search.23&securityId=4iCXQo6Pi3kBf-y1dv_UwB1qYhoTYuR9J_iFE98TxG5LRBEvRpoRKvaUQcpwncX5g6dQuj8k2IiYOXyD_cVbZ3r6MIb4-fdzO4OUS8Kh7rPFUDOutHbp&sessionId=
Python,广州・番禺区・南村,海大集团,8-12K,本科,其他行业,https://www.zhipin.com/job_detail/097e00a37b2ba3941nJ70tq7FlFQ.html?lid=8mYmHqsyIo7.search.24&securityId=KtbpIAH0kMHh2-d1L6ulR8s7dueG6ra3OXHc8mu69SY_7hZTi10cAY9k8Rwzc8zfhWOubNL6KtWwppDgud3wtOuNPq_g2UpJ8vWiYrqH9ua56wd0&sessionId=
Python,广州・荔湾区・南源,乐为文具,15-16K,本科,电子商务,https://www.zhipin.com/job_detail/468055e297e415a11nN50ty8FlFX.html?lid=8mYmHqsyIo7.search.25&securityId=iB0uJYfUHNotS-O1LrHHj3-0xk9u9AzYzBnXOSeJGcrbtV5nA4AHBuwOXKMHj52oo5z-6qGaV2peUBGu0IZD4IQD_l_3BtOusGtJ-6l52KwSrAlGYdE~&sessionId=
Python,广州・黄埔区・科学城,申铭,100-200元/天,3个月,信息安全,https://www.zhipin.com/job_detail/e7434d0492be7b963nR63tq4E1o~.html?lid=8mYmHqsyIo7.search.26&securityId=-UO2sh0CS1BMN-Q1JDUQ3N6ZfscAHiaxHuciMgU7yrPjX8klM6yqcQLrhESS5o-SUtX_Ar-m-ahewU_1uDMrwddue-QgoU9ENmerjSn8lVWM0opq&sessionId=
Python,广州・增城区・凤凰城,广州创德教育,9-14K,本科,培训机构,https://www.zhipin.com/job_detail/ee1fa0df7474968f1XZy29y5FVtX.html?lid=8mYmHqsyIo7.search.27&securityId=5Ucv13Bmddxua-61EZm7aC5C-4IFj7RW3PYQYM6sPBFH9SofbCqJ-nFFznef91naj_mAERmDHUZbkaPPCEq_svbTkj0fp41R_bgqb7vzAquVcRTdaQ~~&sessionId=
Python,广州・天河区・黄村,优浪网络,8-15K,大专,互联网,https://www.zhipin.com/job_detail/4173479cbc02b5f403B52N26Els~.html?lid=8mYmHqsyIo7.search.28&securityId=ZD4MPoGServ8u-01ObDH8m6ze8GOZZvwXrmrSQJA9WuUVH8q_KxLClLod3AMMmOzvk2rVuQOsM7qCFchCt63NDKxtU0xnln0CpSRXsrI6130Qt15&sessionId=
Python,广州・天河区・天河北,深云,8-12K,本科,计算机服务,https://www.zhipin.com/job_detail/84db4cd8d52b213b1Xd92Nq_EFdS.html?lid=8mYmHqsyIo7.search.29&securityId=4lZf2Qx25IRPv-k1_N4H17nhf89y3sFYmKtl69t0_DRjgHXEXVihKuvQvqORk6qeR-9iW19lebKEjVx83WpEjkFT2nOXzj0lov57Vb6MoOyjcxE9cPoo&sessionId=
Python,广州・天河区・天河公园,广东电信设计院,12-14K・13薪,本科,通信/网络设备,https://www.zhipin.com/job_detail/43fca3424de5dfca1XV_3tm5GVBW.html?lid=8mYmHqsyIo7.search.30&securityId=POLgzAlbdnTTF-Q1SPeRqaL-ukLKhyamTU20y5ee-Wxm7vQZfaqBnLL36LLDP0P7MhnZJX1Xdb3X_XaqSltMEnomvHMU8QJST0gI-DX44B6zdrgN&sessionId=
Python,广州・海珠区・赤岗,壳间科技,20-30K,本科,移动互联网,https://www.zhipin.com/job_detail/a1fce6173190c13e1Xd_09S0GVNS.html?lid=8mYmHqsyIo7.search.31&securityId=rbgIr0o0isqKG-r1QCNT8LjX-qPOGF2w4a819ftrBcCuw9G-hRsGZb1KfSdt-eD1xihDV_xEGH3iCUrtGSxlIVST0G7MMswjo5Jo3bvRMMwGm4cZ-18E&sessionId=
Python,广州・越秀区・北京路,百思汽配,19-26K,本科,人力资源服务,https://www.zhipin.com/job_detail/e4fdd79351575d7e1XN-3t65Els~.html?lid=8mYmHqsyIo7.search.32&securityId=rFTj9LqA8UoxK-6196rtA95qNXCn7tLoekv5Wc7hkVhir3ANDrxXhVsQYbD6UcKU3xehWMyxOIw2Koa-6xAxLeMHFc6GE9-o-nU_--9vDNjhn9NC&sessionId=
Python,广州・黄埔区・科学城,广农数链信息科技,8-13K,大专,电子商务,https://www.zhipin.com/job_detail/e1ac8f7616594ebf1Xd-3d65GVZU.html?lid=8mYmHqsyIo7.search.33&securityId=7Kw3XhV3oGA7b-c1MfEEWoLKPvu5fu3a7LJbAFHHuH01LdzQ2WAvZXIAqFYz4w1KqskvO0y83SR8spoHFxWFa2QiEDuhu-2gaNJMQewHs9kriaPg&sessionId=
Python老师,广州・花都区・花都广场,圣地编辅侠,7-10K,本科,培训机构,https://www.zhipin.com/job_detail/62dac4353e4ded141nx42ty9FVdR.html?lid=8mYmHqsyIo7.search.34&securityId=GK43k4pf1XqWo-w1ids5n97J_T0RY2SETVgDeL6IoH3ompH25bRGWHBYVo0U3MeNqJtHcT7Oy47PWI4auQTQtWvOyxuYIw0gOxJspMGb8iqoTEh7Cw~~&sessionId=
Python讲师,广州・天河区・东圃,粤嵌小创客,4-8K,大专,培训机构,https://www.zhipin.com/job_detail/c7c37ed00254e6c01Xd939m8EVtY.html?lid=8mYmHqsyIo7.search.35&securityId=RkNy3Lg0w971O-P1iqLfYaZX3AsRnFK3RZ0C4GVCxH514rAMnJ2Zn6ogDavrw5gpgf6owppZFPUnozEkdPGd0jGO3VVGrv3ANEh6CxhR_eVoyhbzMeEqXUi4A53rvmR5liknmzpY9TWPLj_TLPzGcg~~&sessionId=
Python,广州・天河区・时尚天河,查士丁,13-23K・13薪,本科,计算机服务,https://www.zhipin.com/job_detail/bcfcd0c29ed6e5ac1XV52dy5ElVQ.html?lid=8mYmHqsyIo7.search.36&securityId=lJNwImk2dtAQJ-Z1LB2-Gbr771pYr4miaOsreP2N4fWh1en4StnT3MeFXD9I86FRIvj3YL7VpkrlYWkISv0RLxnWjN2f9wsiof_0SgseOC5srSYolOY~&sessionId=
Python,广州・番禺区・华南,致远科教,8-12K・13薪,本科,计算机软件,https://www.zhipin.com/job_detail/3d0f1c2297cc72fa1nR53966FVZQ.html?lid=8mYmHqsyIo7.search.37&securityId=MHN7zC5F-Y1Lx-z1jnwdbEyc03mQmHPAUXi4aTBipNQMjLH1j8iDS4NLl-tDZPbQlQht3m7Z7q6mN-cHU12TqlUWsYPr8phCLitFZffBmmzUQyCb6w~~&sessionId=
Python,广州・白云区・石井,尚鹏科技,11-15K・13薪,大专,计算机软件,https://www.zhipin.com/job_detail/1b3df1a2a52bd4e51nJ80t26GFVU.html?lid=8mYmHqsyIo7.search.38&securityId=Ex1vMDfVPufTd-O16VcxGzy3tSv3SeQ-MFVZDr4o3TCLJGEtHaDeZvUUG8FKxb8zU2gLDrGBL18uU0bpkrv62p0BFb-av4PzBSgHzAktBqxYZh0z05M~&sessionId=
Python,广州・天河区・长兴,安钛飞,15-24K,本科,数据服务,https://www.zhipin.com/job_detail/b0740e38147053e41XB429S7FFRU.html?lid=8mYmHqsyIo7.search.39&securityId=35Zh2JEtBRzyh-21AJDAafx59iNRChdIeup_2Z8rLWVl0lM3BFKMNPNJjpAQd6fsY-zrqws4qUOop72p1fdQJjoUQ9qdBrfmNfvTnC3LUpebQnJqAw~~&sessionId=
Python,广州・海珠区・赤岗,腾云科技,4-9K・13薪,大专,计算机服务,https://www.zhipin.com/job_detail/1b7fd3f10f783d321nZ629m8GFZU.html?lid=8mYmHqsyIo7.search.40&securityId=vJcag4kh4wlrh-L1UBEKuvVBzWAyYIaRe1cGFtKwDJh6ZIa2vgCgqzVx5ENfDlrxIZL47qUK1zR3TIg8IDYo-ghOg0Dl7Tc7ge6L_rmsGLitUUrBeA~~&sessionId=
python开发,广州・黄埔区・科学城,好推网络,18-25K・13薪,大专,游戏,https://www.zhipin.com/job_detail/e69e1f61a10505340HZ-09W5E1c~.html?lid=8mYmHqsyIo7.search.41&securityId=Y3VNLm_mqlczx-f1RSzU7Kg8G4TR_HrIayHGf8Ut3Jb7E1yUj0LSHyMMlZ3K7sCjTpPW2705x9ruU2dQ9q2r_e8m6JrHLUByNzbAcXtwE44h7YI~&sessionId=
python开发,广州・黄埔区・科学城,金财互联,15-30K,本科,数据服务,https://www.zhipin.com/job_detail/d1f4351d95fc2cb41XF909S8FlZR.html?lid=8mYmHqsyIo7.search.42&securityId=XAkilVf2AhCZI-D1S4eIxBTXJBl4Y1Yw4fQzEojsq2GWAM8tcK-vZiG9wzvfE3op_SI0A9_RnAwOi2BrlwjKNEG8v9nJbUecBerkgmZHjfMIPZ0~&sessionId=
Python老师,广州・白云区・机场路,编辅侠教育,6-10K,本科,在线教育,https://www.zhipin.com/job_detail/1ec45a85bcb783be03R42tm6FFA~.html?lid=8mYmHqsyIo7.search.43&securityId=BsMQvmTJh19u_-u1_bGeLBjpB0Ce6A-5VVUOmykTn82k2jBBIQkzGrwtCHBlDbtZcKqrpOsf4MUll4v5b13p36kwXgpTXQmYzKYySGhlxMYcf8rC&sessionId=
python开发,广州・番禺区・南村,青花瓷软件,9-14K,大专,计算机软件,https://www.zhipin.com/job_detail/7ede029dc2d1e82a1XB_3d-6F1BY.html?lid=8mYmHqsyIo7.search.44&securityId=jtr8yHn0uAjHk-61yESI3u3dib6PYs7P7Dwgw9An1WyYF92k6N2BaU1ifhprMkjcPtXqzo26_xfhaj_OGh_istfITwwz_bKR82YIoQTE78kRndHp1y0HmWo_LbgjmkT1D9RRl1uC3QrGxFwGqEXt&sessionId=
Python网页后端,广州・天河区・珠江新城,广州大世,6-10K,本科,游戏,https://www.zhipin.com/job_detail/e051b6ea21f2db0a1n1-39-9EVc~.html?lid=8mYmHqsyIo7.search.45&securityId=QCik6z5l2Oj22-v1WCKd878G_h7ToiR5gHe0wT8TO4kxNFvWE2ra-82XAh93qinW0oxl4H5y8iyPP_Ri7ru9XX9vcHsWy_VUAl4St6IuTfqb5YU~&sessionId=
Python开发（易方达）,广州・天河区・珠江新城,拓维云创,13-20K,本科,计算机软件,https://www.zhipin.com/job_detail/95650286b6d5dd001Xd639W6FFJX.html?lid=8mYmHqsyIo7.search.46&securityId=oQsA1nne4hfYK-H1qChAMH3MFtnkL_cwP35Q3irHeLtaWKiPAs3OReKU_6xzRNeX8WMfzD2toZs_RZsq34zquEABZ4lwqi9iJ067tWfKWQbudpPgxYL1rBraJgmc3f8l0gD0a7t5dg_mQfEj_wtflP0~&sessionId=
python工程师,广州・番禺区・大学城,广州秒可科技有限公司,11-16K,本科,在线教育,https://www.zhipin.com/job_detail/11bc3dc23a6e30181nNz3d66E1pX.html?lid=8mYmHqsyIo7.search.47&securityId=lAWObfMhyBnX0-t1kGdUX40X2w2najJqTEGi_ol-rNLZ26i5UICsWFIi57JvuQ01sxIRvZksxnUvmgVP2nZkwnR193jlu8TJQrSRfgpvlV7FYsqZxg~~&sessionId=
Python工程师,广州・天河区・小新塘,融朋信息,12-18K,本科,计算机软件,https://www.zhipin.com/job_detail/1cbdae2d418e6abe1XB93tu_FFVZ.html?lid=8mYmHqsyIo7.search.48&securityId=9NXYn8aJ3cmYm-G1OAe8ojPDA11cje7rSTbpMA0sTi4Br4OPtCE-vbXdDCQzJycys4K64F5w2ogBv78DussdMQ9kh3JxeX3k6OP5yAyEl_z87n_IZHo~&sessionId=
python开发(广州）,广州・白云区・嘉禾,中软国际,13-20K,本科,计算机软件,https://www.zhipin.com/job_detail/d7bb7b6b7e5176c21nJ609q0FFRT.html?lid=8mYmHqsyIo7.search.49&securityId=iJUMpExFzLznP-41jkGd_s0cIFvdJthkgSH1Vgfb2B2O7DxWfM2MNnfckCno8FZ43fDfEbrFKWTPD8_6qEjQ2OfN3RkcR_Qxkm0A-Sob13wWgZyR-8OEtNPODaXqHVOC90pCD4dGJlllxJ3x&sessionId=
Python工程师,广州・黄埔区・科学城,广州尚科,6-11K,大专,数据服务,https://www.zhipin.com/job_detail/c972f34160951ed21Xd52Nq0FVtU.html?lid=8mYmHqsyIo7.search.50&securityId=YAZOfUsbgXZN4-p1l9z7c3b_MQKySw4XFuChk2QBOKjkgyOETMRsmzmAIF0khj25nEwZCI7fo70lO7nhR5VBUEkjvYK5OxPKspkeY-r84hLMALDal9X7&sessionId=
python开发,广州・天河区・员村,深圳壹诺恒,10-15K・13薪,本科,计算机软件,https://www.zhipin.com/job_detail/34f6caa240723aae1XF43Nm1F1RV.html?lid=8mYmHqsyIo7.search.51&securityId=zkRT3nvyEtC1b-X17e0f37efd-eQfiM_U1Z4gcpJo5kQ373BtGmYC8z7AMxqVfaiCzJTmZAHhdudHOkTkyKEJ4-c0tfGRe0kzIIqFIyMEgM-2Uwc&sessionId=
python爬虫,广州・天河区・天河公园,稷生科技,3-4K,本科,计算机服务,https://www.zhipin.com/job_detail/f2f828f6e17d121333x92Nu1FlI~.html?lid=8mYmHqsyIo7.search.52&securityId=D8_8bFYrFxumK-21h4DRY9Pj1JQp8FgARWybej4zkV4E5wGgz7zMWZ_5QHBNJGn4pPTLdZEwurGE42PLyTn3mV_DzsNbZk8faPQjFxe8hmWxrSVx0w~~&sessionId=
Python开发,广州・天河区・天河客运站,魔宫坊,15-20K・13薪,大专,游戏,https://www.zhipin.com/job_detail/5452375852200ed41XB83tS1F1pZ.html?lid=8mYmHqsyIo7.search.53&securityId=mX-n21f3PEWtR-01_s3rweSEaQ1SK0Prd1DgO4OV-anMOxAVoMdJTXdQeft17ydkggLNFGnnLTlyAnSwfPA0S89gMGeK5niDY_S-LzkZYBRkgDmOFAk~&sessionId=
Python工程师,广州・越秀区・淘金,触电传媒,10-15K,本科,互联网,https://www.zhipin.com/job_detail/8a1970ed581fc1851XF409m6F1NR.html?lid=8mYmHqsyIo7.search.54&securityId=DH4lduVamXjB5-H1rRJtG7ldhS4TnV1PCl19GYz-k8KL5tZM-NUT4tY95pYTx4_iosWn92Mzwez_jUjwUaWfvDr5z9DHIPELNXEzXFFSKNn5_rePP7veBGJwdVjmBa3SYTEhYlYr9Vi-JI7xT_stKw~~&sessionId=
Python工程师,广州・海珠区・琶洲,Fordeal,15-25K・16薪,本科,电子商务,https://www.zhipin.com/job_detail/d79d51d33ad9e6191nJ92ty1F1NV.html?lid=8mYmHqsyIo7.search.55&securityId=I6hRPeI5uGzXS-q1YVWFF51yWwo9xp57mmigq0R_MLe9fLzGCjIwqdSbhfPrK7-blFQapEgwJrovtr98zvGirhYFpqExxukL5ih47eQNoP6OFzgE&sessionId=
程序员（python）,广州・天河区・五山,中讯合创,7-12K,本科,计算机软件,https://www.zhipin.com/job_detail/4344130cd29bf4101nB52dm7EFBU.html?lid=8mYmHqsyIo7.search.56&securityId=_bpvMLGPTtiPj-z15vQlpSAQ5Yd6O5b2GQoC2hDZf-e9ftNQjG2obZcKUKB3A-PjGO8-tXIAA6KsWIfobNM403HTfH-aA09JGOyfHL70QCBujuD1Bg~~&sessionId=
Python工程师,广州・黄埔区・南岗,联享云,8-13K,学历不限,电子商务,https://www.zhipin.com/job_detail/099f9fc7865aa0dd1nBy3d-4EFpU.html?lid=8mYmHqsyIo7.search.57&securityId=h867ifxJAM5fv-61NugYLXCMdG7Dyf_9wrBW6b5iYDz0aAz-xHNp9SRgxG-7I6qyg7A_B85z0xsuUERfbq8YvRQ1qo7jBQeVhxFhlByKwXT1u38drg~~&sessionId=
Python工程师,广州・天河区・车陂,小包公,15-22K,本科,法律,https://www.zhipin.com/job_detail/2f250f11bbb8952a1nx82N6_GFBU.html?lid=8mYmHqsyIo7.search.58&securityId=gBhP1MH4ytMQW-81zJ4LCfHrtxtBMQveqG9zV6G9J6enGuvmKKHxcNBPYGSIJbKEWWoTshOp2Ff7Bm3dt9Hkjn6WJNwrqWHlhwJXLZVyIpM5QUYaFQ~~&sessionId=
Python基础讲师,广州・天河区・车陂,中职通（广州）在线科技,7-12K,大专,在线教育,https://www.zhipin.com/job_detail/d5256698efd2110e1XZ-09S7ElJQ.html?lid=8mYmHqsyIo7.search.59&securityId=gq491SVQO7Fi8-21Vc3t2jv_vY44a42gvpIKOC9GQ6ucHxDsiNcMqQKqAjB2Hlt6fkXo7h9m-VbInK94MjHoffUuboPFNVcau_6W3v5dOMVtsGzUkw~~&sessionId=
Python工程师,广州・番禺区・长隆,壁虎科技有限公司,12-16K,大专,互联网,https://www.zhipin.com/job_detail/b9772cc1b474be411n142ti6EVNX.html?lid=8mYmHqsyIo7.search.60&securityId=yWUoJr8vhmRJj-Q1hWMOow5n4SnyhQx-arkHdj9bMJyQBpd9jJDXw8GqbDsH6rWJmi8HZcjMh8Bw1AGftGYm7CQnCLX6CBd13X3upMCJ7BGsFEihWg~~&sessionId=
Python工程师,广州・海珠区・琶洲,远信控股有限公司,11-16K,本科,医疗/护理/卫生,https://www.zhipin.com/job_detail/75b300ec9bf6e9fd1nJ739W_FVpV.html?lid=8mYmHqsyIo7.search.61&securityId=NG2wEMzE5k-i0-U13z7xQq6u0rSP3gUtP_M13ABnaPJDvwftljk1D7aaf7wgJzx7OTBW7wjYBfIYZahoiew2JjNUIvGYjhx1ROSI0DyceU-eHp9hiw~~&sessionId=
Python程序员,广州,中粤电力,6-12K,本科,电力/热力/燃气/水利,https://www.zhipin.com/job_detail/cd07c105e188f20f1Xd92NW_EFY~.html?lid=8mYmHqsyIo7.search.62&securityId=DHV2f6BmgkUSl-f1WDDqGP0ciI8g9thQF8N_Jq2NZ8XurldLHrh4BXiFZ3qiRI6Ig_y_rmkw6s6mIJbqfgzxfwhw_NyQ4sO984V6IubVORj01X_f&sessionId=
python后端开发,广州,派客朴食信息科技,15-18K,本科,计算机软件,https://www.zhipin.com/job_detail/b0ac87a22baf7c171nJ-39S5E1pR.html?lid=8mYmHqsyIo7.search.63&securityId=4k-ysdK2TRH9p--1ggpY0cI5P-zThlf83ISBR98F2LnN1fOoRtfxqH2qZztVv3jYTanWQmsn9GMtlZp4E44LascK1IIDH_gAhKTbF0HxReg-BluF1gwO6wGDDKnAi7dUu6VUL_o2yNwN-1303Y4vV-E~&sessionId=
中级Python工程师,广州・黄埔区・万达广场,微舟科技,10-15K,大专,计算机软件,https://www.zhipin.com/job_detail/29a7ff99f2cf206a1nx_3N-_FFtW.html?lid=8mYmHqsyIo7.search.64&securityId=dqnGQX1m_sKAG-y1eNJYKgFoFaMXqs3npRiHnNgEQx5zMVCMyiED7AEGbAeVuUOBqX-Q3DGMa9H9K_7xUW9WQqjAKAlmjIDIfdMPqK0Y_pmianJJdJ8~&sessionId=
Python程序员,广州・天河区・珠江新城,易联达,6-10K,本科,互联网金融,https://www.zhipin.com/job_detail/e261c61afd0045920nB-2di6E1M~.html?lid=8mYmHqsyIo7.search.65&securityId=jTrvIcpurCInF-c10-zw7ds-ge76O8YDT1SCTcBPycSdnXxJRKYZUAS2YwpDML8Ck2awmhjmNZh4lUtx-Bo9eYfIABBgc4bXCPfA-xOPW1xI-SU~&sessionId=
python工程师,广州・天河区・天河公园,广州壹零软件,10-15K,学历不限,计算机软件,https://www.zhipin.com/job_detail/76690052be38c5651XB92Nu1F1pR.html?lid=8mYmHqsyIo7.search.66&securityId=zK2aJiGd8E5Iv-v1RxdckBJkEAkI3CH4KArykC8sS0CngDXxol4QdgWPqitI6WVWtm5_EambfbF63Pw_Jhsg6H4urIUBhCBiYjqM8q3H60Trs00R&sessionId=
Python开发（安全平台）,广州・天河区・棠下,诗悦网络,15-30K・13薪,本科,游戏,https://www.zhipin.com/job_detail/8e4c26f3c44e1fa51XF82d67E1ZW.html?lid=8mYmHqsyIo7.search.67&securityId=s5F0VOlqqgLDC-y1AU_jM2KOzYxmgY-T32jFmx-L9t2YUtrq4fVRxcczfwNSfnjyQOk2c3Vnwxm4zXvf786WEBQtuBzaJ5rWTC6SCFljZU16mWg~&sessionId=
Python开发,广州・天河区・珠江新城,泷铧信息,8-12K,大专,计算机软件,https://www.zhipin.com/job_detail/910793f7bf692dd933J83t28FVY~.html?lid=8mYmHqsyIo7.search.68&securityId=BteZ-mejv3iyJ-e1RmUvy5q_Prt9I-QfhNVJER-e2DOiCEAP-RcI4lg3BNiPPr6475WMUJO3G_ZA7eqVaTlUcp4ZUS76A_0CwIJ2HvBWIc-ePA-xig~~&sessionId=
高级Python工程师,广州・番禺区・大学城,探迹,20-30K・14薪,本科,互联网,https://www.zhipin.com/job_detail/b734d11fc407ea463nJ509m_GFU~.html?lid=8mYmHqsyIo7.search.69&securityId=qYHW60zCSAXeY-R1m0WPZFMG_1w8EX_LhMU0O0eFecZyrnmtyVzs3np6unjsTzdobk2Rv3KXW8--au_RiWnn2PMyMF16Ue_hfVpwWwk7qWeI5RA~&sessionId=
Python高级工程师,广州・越秀区・沿江路,顺科软件,12-16K・13薪,本科,移动互联网,https://www.zhipin.com/job_detail/1f7a3f5bd78d98f61nxz0tm0GFdV.html?lid=8mYmHqsyIo7.search.70&securityId=r7N1DBA9IWOy0-b1GIkxBnUrGsdul9sVkhccC19TFUaDwipSQOaQxnoem902Lx8nv_Bh24B24QgZhKrsD5ioAvEScTJEylSO6gPd7yaVaOXlxs2A&sessionId=
python开发工程师,广州・白云区・同德,世泊科技,8-10K,本科,机械设备/机电/重工,https://www.zhipin.com/job_detail/5bd223c32fab13e31XB_29-7E1pV.html?lid=8mYmHqsyIo7.search.71&securityId=ZlESv6rBYWqZS-O1d2uHxiTXUuFKeOTKOxOR9I1jtWFYOtkNTte-dbm2a35mrcvYNlIb4SY9fE9z_KiA8uOHvnOVfDcQV0M2_tvRGDqFJWisu-MMOudD&sessionId=
Python开发工程师,广州・天河区・车陂,雾帜智能,12-20K,大专,信息安全,https://www.zhipin.com/job_detail/bd0be9fc7d10f4051XR_0t-8F1pQ.html?lid=8mYmHqsyIo7.search.72&securityId=A7DJQQvFnXbIP-c1BPNumD4SBgQLq4fW83sXVJmkSTY3Y7Tm_Xlh8HdpEppQi9hL6our8m47BHtiy_NUnxs5a4BAh0LujQD7JQ-5fsGVbbW5aSZJEQ~~&sessionId=
Python开发工程师,广州,传播易广告交易平台,5-6K,大专,广告/公关/会展,https://www.zhipin.com/job_detail/738b6dc06b3dd74d1nB53964FVJQ.html?lid=8mYmHqsyIo7.search.73&securityId=sJhpDYEh6sSpL-n1Ry-4fSv6RN2LPXHIvodtA2tVwFkhwH_FBoqlIYOdIJdy-RSNjtDAlzSC9i-GkjcwmEIM8RQa2PSUZ7_SR6sSTgxQKtIAYpPhkQ~~&sessionId=
Python开发工程师,广州・天河区・珠江新城,中思拓,10-15K,本科,计算机软件,https://www.zhipin.com/job_detail/d40607d255b8065f1XRz2tS1E1RV.html?lid=8mYmHqsyIo7.search.74&securityId=lcPhRC0e6M5Cu-s1Ku9aUbt-w2t4YCXm1LiOqaPKTWBv9EFGJ-swoa_-l6YHNrevqPXxETUSl13hk07AzRVCNVZDHGxnjECwalwznvIz950YHLn6-A~~&sessionId=
Python开发工程师,广州・天河区・时尚天河,微粒,15-20K・13薪,本科,互联网,https://www.zhipin.com/job_detail/bc4f7a82ffbe0d3f1n192ty-F1FR.html?lid=8mYmHqsyIo7.search.75&securityId=Zksj79wtruqYG-p1jKeF_G4EsxAmVRYf69Em_1-sJ6whGCkUrddItoeTNrvkIi8253wgbmFxeFNIMav7p-0w4TdXaxAv9nyFnLwd6_kkxkerJubaTvE~&sessionId=
Python开发工程师,广州・黄埔区・开发区东区,联柔机械,10-15K,大专,电子/半导体/集成电路,https://www.zhipin.com/job_detail/19fde1141a6ff3291Xd_2dq9GFNQ.html?lid=8mYmHqsyIo7.search.76&securityId=M8Q3puMh6VSkx-v1YB8axt1U99xv-q_3cyayiAWikdBDDZzsBINQFnnx33keDmQxnaLQN3jdiCoEhugEy8gLIuqjOWORPm4uVHvcB2xQOTq0Em9EmA0~&sessionId=
Python研发工程师,广州・黄埔区・科学城,广州宝顺,7-10K,大专,计算机软件,https://www.zhipin.com/job_detail/47b96b5e7bee7b9e03d_0ti5FVc~.html?lid=8mYmHqsyIo7.search.77&securityId=5p4DYrqCBv1l9-Y107j0RwmcuwTBYV4CdbsjLawEvWpavMZ7NVQOBZPXmVbmY5ztXk9YSWCsNzq1THr8Hj5v8OGTcGrq9RzC5hpb6K6wfRHh-y7x&sessionId=
Python开发工程师,广州・越秀区・区庄,红石创想,6-10K・13薪,本科,计算机软件,https://www.zhipin.com/job_detail/5d9f98e0e74af44a1Xd93ti-F1BX.html?lid=8mYmHqsyIo7.search.78&securityId=voMtiC97GjO1B-L1yeR50lWhB1Aq5d5JtmCSCfde-SuJSK-pNULBoml_D4DAm42TA-vsqab1tm4C2BHuSYmDL9ka2CnXYlVphMTNe90aeLCcJ9-ON4PD&sessionId=
Python开发工程师,广州・番禺区・大学城,同创大陆,8-12K,学历不限,游戏,https://www.zhipin.com/job_detail/89bdfd1ca8c71ec31nN639q5GVFX.html?lid=8mYmHqsyIo7.search.79&securityId=P43GqMBh3DTop-h1Gxu0ZvvrmsIibsd8xj93IW1wza_0TTkpnZUTjpcY41-sGcKOc8elmZ9TnqXuh_IzSBXUm9BtS1lSx-DokOy0VwonKl-cyqTzCLZm&sessionId=
Python爬虫工程师,广州・海珠区・东晓,广州市海珠区天字酒店,8-9K,本科,旅游,https://www.zhipin.com/job_detail/80218f8f5eebe5cb1XZ629m-ElNS.html?lid=8mYmHqsyIo7.search.80&securityId=u3k6uC8bbRd7T-o18kWSdQvPVs1R1d9lFou-gB2xa3qBt-CCSTkxJ-FOHTqBKQ_gvE48rn2BnzTyIeAwdnNfaAUGufJqaRS8L1wy4bvKTndOffixoBM~&sessionId=
Python开发工程师,广州・黄埔区・科学城,财道科技,12-18K,大专,企业服务,https://www.zhipin.com/job_detail/853a2b8f8137704c1XR-2dW5FFJX.html?lid=8mYmHqsyIo7.search.81&securityId=zvc9iUMCNlSSg-Z14IaFm4vWHPoN5CkzgxnI4Ama1ZqhF9XKcWPR06nS19sO2n94CVHDnQOE07LXgF88gk7MsoVsQc3OhDXRjiy_288z260Ubkfmqw~~&sessionId=
Python开发工程师,广州・天河区・体育中心,广州绿字阳信息技...,7-10K,本科,信息安全,https://www.zhipin.com/job_detail/63b4f6294b674b161XVz3tm_FlpW.html?lid=8mYmHqsyIo7.search.82&securityId=B1pA3jyQ-AcM6-s1_2pMgnsbPAZ_Q6p7RPM7oaovxX4H7uqT4y5d9BSLhr_eU6A24xmDXZpEGmU2R8Kv5ByW62YPE92LE1vwweNxaOxMbKiW2OCB2Pc~&sessionId=
Python开发工程师,广州,玩胜科技,12-18K,本科,游戏,https://www.zhipin.com/job_detail/d11eb2d5cc637c101XZ909q0F1ZS.html?lid=8mYmHqsyIo7.search.83&securityId=sxC78i2CJY7Ec--1-lu103Et59FW8j2H752gYhN8aQg5v_EvK_OhzGzePlFUcGMfk_PJMIZ5EVr0pT0RIJRxlMzWeqczh-nUKRfbZg0mm44XEUc3tWVIuKYpDrU4W8FxZe4ymV0XE3boScAM3TQE&sessionId=
Python开发工程师,广州・黄埔区・知识城,睿路智能,7-12K,大专,计算机服务,https://www.zhipin.com/job_detail/05f893846a950d781Xd-09i1E1dW.html?lid=8mYmHqsyIo7.search.84&securityId=JhgYw396mV-kT-41Xya11CEprabHjbR_2alK4a5gWh3AQlqkrBbm_ZHHBjYkYOUaIdeoRxGw9a-YdwcmdoLhhB9jYUXt91YbRHGCFItabYFTXYBlZA~~&sessionId=
PYTHON开发工程师,广州・天河区・东圃,正穗财税,7-9K,大专,财务/审计/税务,https://www.zhipin.com/job_detail/fe933319c607365d1nN-3t2_F1FY.html?lid=8mYmHqsyIo7.search.85&securityId=LdGdkdWX6Q4jr-i1FGZn8kDdrnTyHjj5xqWM4Z291i5IImeSgJ9f4gSBNKC-19YjxLXbVKpsYoeTDb3wFrZN_cVjsQC2KPbuzG_XacXLRaSCfsyskQ~~&sessionId=
Python爬虫工程师,广州・海珠区・琶洲,红餐,10-15K,本科,移动互联网,https://www.zhipin.com/job_detail/cfbf3876770514a41Xd90ty8E1RY.html?lid=8mYmHqsyIo7.search.86&securityId=fcc8cP8f2qUEc-O1BRT8GkYrnEYIAqymbabg6cbMBge3m-o-op3cD3A7bzgxBnzY9HDPXbtav2Elu4_euAV2szQZsUs707-NjgBg6QVxIo9kDB5OsJs~&sessionId=
python开发工程师,广州・海珠区・琶洲,掌昆科技,8-10K,本科,游戏,https://www.zhipin.com/job_detail/f610844b16a2ede81XF73di0E1RT.html?lid=8mYmHqsyIo7.search.87&securityId=yxjJQ2FszpfJJ-O18VT4_eK6EfXfXSFqvI0qj1plS9RJOEct3Y8rLqLneboWmxGeveLbzew-aLpj32ZV_9UiZ7-qIMECBnHAnRJ5esuJKDai_q5MoTg~&sessionId=
python开发工程师,广州・番禺区・南村,科能数据,15-20K・14薪,本科,计算机软件,https://www.zhipin.com/job_detail/9a5ef1db237d4d751XB82N68F1JZ.html?lid=8mYmHqsyIo7.search.88&securityId=anpXr9uE0WIJT-w1jzhhMbroRK9AFFRHvNuMzg0q9mS3KS7Bn6zx3nDySCz8fCZ-oS9LzEFDyZA_-psoXA21CZu9lNMXiLRNBCvFpkCA26wGJLWEweI~&sessionId=
python爬虫工程师,广州,米果电商,8-13K・13薪,大专,电子商务,https://www.zhipin.com/job_detail/a02803c1228c60341nx72d-7EldX.html?lid=8mYmHqsyIo7.search.89&securityId=oZKwIr1OD0u86-i1Cr6zxLffdHdbYekTdCZJKjDu1-stmw_p5nSitIsxQtX5GGaJSKwKIKTncEZtNRmQ31Xoypkq2gCi1CYjJjMFf3Cmp3WZaXVnhA~~&sessionId=
Python开发工程师,广州・番禺区・大学城,达客智数,60-80元/时,本科,计算机软件,https://www.zhipin.com/job_detail/b8b05a2502c190501XB929m-ElNY.html?lid=8mYmHqsyIo7.search.90&securityId=qDsmIvlbYVOsY-S1tceh7h97bvdHMzrXzeWOECNQzwm36zbizDU8zweeHPVCv9OwNwhvejqELaXjKps6sQNnGmVrHi9hdoxaRM0tR8_DQTaT7cVqrmE6&sessionId=
python开发工程师,广州・天河区・燕岭,天合航空服务,25-40K・16薪,本科,旅游,https://www.zhipin.com/job_detail/05036f13e90ff05d1nZz2925GVtT.html?lid=8mYmHqsyIo7.search.91&securityId=KT6EbOhpLLsli-V1s2Zm2VFsaPivOJOz17909xSJTE3L_DRm3EKEbcZaiakEl44WQldUjVHHgVEWNGOC-Ck-HF5XanDC4Oiz3Luh9kIBnq2BJJlDHA~~&sessionId=
python开发工程师,广州・番禺区・石基,海启星,7-12K,本科,计算机软件,https://www.zhipin.com/job_detail/6c476527e4846e7d1nx82Nu7FlVT.html?lid=8mYmHqsyIo7.search.92&securityId=1vigx3GxwVEOn-b1-iCLGQQKxKpR0BLcRAH2bf3Uga0zWL4uTfOYyNFnvKe5vb2Va_dkjjTtvkOgF0QrqZgc_SEcMEHH_OxHhyVnUjD8P6BUc3lrIw~~&sessionId=
Python兼职工程师,广州・白云区・白云大道,若水科技,8-9K,硕士,互联网,https://www.zhipin.com/job_detail/0fd68d195db82a011nBy3du-EVpT.html?lid=8mYmHqsyIo7.search.93&securityId=WwxAcOLXXhPF9-F1z6B0XZS_obQBahk6IleeZqhYI85ovHUVhK3w41-n9tjxsvr15w_OKomvH475ODk12FhfFMtKt1NfmK0grAVBEo-wg4o0mquw&sessionId=
python开发工程师,广州・天河区・天河北,广州新晨,8-10K,本科,移动互联网,https://www.zhipin.com/job_detail/1db8485cb97c1b631XZ_09i8F1NU.html?lid=8mYmHqsyIo7.search.94&securityId=uAn18JCPViB8p-b1Xw0g3uDPEE4BE5dNLTf_M-ato44vnTqHDjmpclrcJxTLrnMxndN8H_bIC2MZb7GNyOVv9EjYvaJZU9Et8CtAQaXbY7qK0-DA4xabEHyJntyDkSPXaqUC6D5BFSvel1e95_g0Bg~~&sessionId=
python编程老师,广州・黄埔区・科学城,智道,5-9K・13薪,本科,院校,https://www.zhipin.com/job_detail/38a1cb2c663663081XF82tS6FVZQ.html?lid=8mYmHqsyIo7.search.95&securityId=ang63v8U4k0ZJ-M1dIcm4BHVx7MveAHhb8fPVo7HERYXPiF7c3RNWt8uEqLekI9zhB4iGVUjhaFKLzQ52xuemLlNKKzIEydcGPw3OgLpK8rYA2qG2GE~&sessionId=
Python开发人员（广州）,广州,正成科技,8-12K,大专,计算机软件,https://www.zhipin.com/job_detail/10dbb75056cd7b5e1nF62Ny1E1dX.html?lid=8mYmHqsyIo7.search.96&securityId=j3rNVPC2i9LLU-q121cXzMRHtUnbedTvOSyL7lTpF2TstTLH8vh-QG5QQN5slVe_yeJ-oaHJlx3XOQzu8axyu2WgxxVMpO1vfR_v93_hRBzUmFL_oksZ&sessionId=
python开发工程师,广州・越秀区・五羊新城,广州申迪,10-15K・13薪,本科,计算机软件,https://www.zhipin.com/job_detail/7efce54bcab5d6021XZ62dy5FlZX.html?lid=8mYmHqsyIo7.search.97&securityId=ev81XjbnsKK8s-P1q0nZH5sP8JEAR5aH_yhLqN2TqVsYsLRSAyFdaD_WoNFKIf5nbiHD0G1NRnkEmFGi0AohXecefmGMeguE9ZxymBJM_CDzNwJu&sessionId=
Python开发工程师,广州・天河区・体育中心,企企通,15-25K,本科,企业服务,https://www.zhipin.com/job_detail/957b95929c14c4e71Xd83NS5GFtR.html?lid=8mYmHqsyIo7.search.98&securityId=CyRF53yV6roN1-B12FmraIxoqZAB8vBz4NEmKtIKvwzcJuKI_ZQMJRLBpfJAflLLI4rz0YJgxs0ntHBoFLsuY4G0n0ophi_vW1X6tLIlW1jSea9e&sessionId=
Python开发工程师,广州・海珠区・新港西路沿线,多动朕,6-8K,本科,文化/体育/娱乐,https://www.zhipin.com/job_detail/224790bcd1aab66903Z62tq0FFQ~.html?lid=8mYmHqsyIo7.search.99&securityId=T8P0cezRnNACf-Q1zvFI8FvoeP_oTXWT1rPt9dSJ9_wUGtmZnNlS_sV8NC16NEOfa52_JE-GXhZgSBFcnfNNZniZVUYKAhgRP0kMvkWpN7KFlZ-f&sessionId=
Python开发工程师,广州・黄埔区・中心城,多益网络,11-18K・14薪,学历不限,互联网,https://www.zhipin.com/job_detail/7275908d5795b1501Xd-29u_F1BY.html?lid=8mYmHqsyIo7.search.100&securityId=C4NSW0f2t6AZ_-T10Hbe9tbIyX3Y1DWQhPhSsPkK2TyvwlQyUuRFLGpTakz2R_DsSnymJorPjS8m1tU9kWUQzKLw_X1MQDoiopsjGw9QwcGyC6YpG8VI9yzycznlIyMIpwIExzPfOb7PQJOMq7VN&sessionId=
python开发工程师,广州・海珠区・东晓,广州准星,8-10K,本科,广告营销,https://www.zhipin.com/job_detail/d9cf8d79343d486b1nxz2965FVRY.html?lid=8mYmHqsyIo7.search.101&securityId=FmgmXELB2bj2_--1qhstAfz0ZGjRQjTI_GVO_t3Pig7sH2HqW4tER-ac-Cj9GxeoSJjAudoIYDTQJonrQKTP4r8uC3hzApreoGlCKMAhSlWvtamWyw~~&sessionId=
Python开发工程师,广州・黄埔区・科学城,省事熊,10-15K,本科,计算机软件,https://www.zhipin.com/job_detail/a7b8944b461e5a2d1XZ829y1FFFZ.html?lid=8mYmHqsyIo7.search.102&securityId=kFEBLv3Qt2Jm8-m1Mw0Uwrun-um7C0p7vxJbQVNxU2u3rY_S94NN2HsikP83U5pf9WRxLHoP5VG9vZb6x-l2Po6y-04XOzMGL0UX9EPRFlxcEqLY2A~~&sessionId=
Python开发工程师,广州・天河区・小新塘,锦诚科技,8-13K,本科,互联网,https://www.zhipin.com/job_detail/1f6db4465486595d1XZ53N68FVVZ.html?lid=8mYmHqsyIo7.search.103&securityId=SQR9TTAAy5MeX-N1mNgV8-LkIjU8ZjVL9lM3HNoqOEpuKgHCQDKhnsC-KWWV4yDhRtn19wwUaD8VwYy-l8AqBDp8BNbesjoa-ItuS2RNbSimezz7Vw~~&sessionId=
Python开发工程师,广州・天河区・车陂,慧拾智能,10-15K,大专,计算机服务,https://www.zhipin.com/job_detail/bc89c9e3caae1b611nV839W6EVVY.html?lid=8mYmHqsyIo7.search.104&securityId=4cFAHT0AV6bjM-K15Hyp8BtW9urhEPxWAV4l9gz-iSDcbDlYL74qHg-YbO7sCkwCn5zD3w3e1yieYKu5_ZweTjVCvfoJDJDP3Rz7cyUKq4F4X3T6-M7O&sessionId=
Python开发工程师,广州・番禺区・钟村,中科汉信,10-15K,大专,计算机软件,https://www.zhipin.com/job_detail/8f5d75833610d4261n192d28FVNU.html?lid=8mYmHqsyIo7.search.105&securityId=513kJL81yay6P-W1OOkDcVXm5teW21b32WqmurZpgKDMlakARMm52qJBj-_RY-Sh8P6uEh_4Gmpkv6Cy2ehvN-2iZa8qqUI_LZpKV-vN6uveoY7i4xI~&sessionId=
Python开发工程师,广州・越秀区・中华广场,仑动科技,5-10K,学历不限,计算机软件,https://www.zhipin.com/job_detail/4518ae616cb44c231nN43tW_FFJY.html?lid=8mYmHqsyIo7.search.106&securityId=6CEEluMkRHyhM-C1kFEHM4H8Fx5n_sp98fx9rA8euQAWppHEJ0pHB-xxLhnDwwlYk0YEuaLx4jwcqvtZmsPIu6z2fLWd8-XWJrSQSkti_lv-EoRMVQ~~&sessionId=
Python开发工程师,广州・天河区・岗顶,恒电科技,8-13K・13薪,本科,计算机硬件,https://www.zhipin.com/job_detail/50cb933a05837bb41XZ73N-7FlVY.html?lid=8mYmHqsyIo7.search.107&securityId=XfYM7LrWr49qQ-11qOXLnedrg2gNog5W1UKsURGqhxUBpnrvYj0wmQpkuWqghzaa6K2mkvp0SRM8gfF1-J5znPXIAX5xCObvnjXcUgg8XsZt5kSkkFc58hX4aoAtPkqqRqfv_HrUYjh0RberQeOc2g~~&sessionId=
python开发工程师,广州・天河区・小新塘,安望科技,10-15K,本科,互联网,https://www.zhipin.com/job_detail/8b789756a0b86e180XZ-3tm0FFo~.html?lid=8mYmHqsyIo7.search.108&securityId=SrzUNO3wTubt2-I1Uo2Wn_5g48AtoXqQhNo997XvwYyHpEPEboqHwcCwfxRQkYy7Hm9OmtiZU-Za3attxRuLVQDkg9pPrxKKoQJwJbl4KJ0gkUzB&sessionId=
Python开发工程师,广州・黄埔区・科学城,广东龙达财税有限公司,10-15K,大专,财务/审计/税务,https://www.zhipin.com/job_detail/f26c7d964981ca411XV82NW7GFJT.html?lid=8mYmHqsyIo7.search.109&securityId=dnFQKY5pUlaCH-t1nJyd4TgLOMP66AE1i4kyyHxrtD7hL7eUcMdyYomyGcF2p1pB4tV3ghvW1ASpMtrwqeEEDSnk7G6GdDzDmSsuwDqis_-4l3V3urbo&sessionId=
Python开发工程师,广州・海珠区・新港西路沿线,比特鹰,6-10K,大专,互联网,https://www.zhipin.com/job_detail/359f702d9dfc4c731XVz2Ni1EFZS.html?lid=8mYmHqsyIo7.search.110&securityId=oeRurGHcrq0GD-q1wHGr_RGjFcK1Z0879rcUFn6_Q3aNc_FT9ZOj1qiVrK05eXRIN-ORuB8pDvgSIcvp0oZSV1g23NNH1BQf7eoFSQ8RGUs-QdgA9bA~&sessionId=
Python开发工程师,广州・黄埔区・科学城,乐庚信息,6-8K・13薪,本科,计算机软件,https://www.zhipin.com/job_detail/bfbc6055ef2c17061nF_3du1FFFU.html?lid=8mYmHqsyIo7.search.111&securityId=B9iRWoej3VjN9-I1pKntHJEn7aIpqea7-QiSPTbv-XF-jywIxmdJDoilWNBQopyQheUYVfUcRbQJQYuXEZG7ObDyTnJOOvEtgBUzOGe6t96UDBoqje6w&sessionId=
Python爬虫工程师,广州・白云区・黄边,翔游出行,7-9K,大专,交通/运输,https://www.zhipin.com/job_detail/48c2d8d6ffd4cc831Xd40926GVVZ.html?lid=8mYmHqsyIo7.search.112&securityId=YYnoEkSWi78ch-91MuwAtO5KF7hWyf8ngL8klTxpm9fVtUY9nKpFiIWtwrFYKQfahHyoMz9coY7ULJb2m6dY-xLWYM33M5MWEsPSeB7_2UaZGrw2&sessionId=
高级Python后端开发,广州・天河区・天河北,德塔幂方,15-25K,本科,投资/融资,https://www.zhipin.com/job_detail/3f3e6c05a35f31751nxz39W-ElVU.html?lid=8mYmHqsyIo7.search.113&securityId=ERG1zp0giBhNW-q1KiJNjqD6CL0Hxiawd5mmT1__-pn7VdkHmzcgMYra2pSbvQAx6II2HHpim4HA_SuzxtEdAv223Uol5z3DbOoFVz6gnjclrE65QiT2&sessionId=
Python工程师,广州・番禺区・南村,若宇网,6-8K,大专,移动互联网,https://www.zhipin.com/job_detail/a5fa53ec1748e5621nVy29S8FVJR.html?lid=8mYmHqsyIo7.search.114&securityId=zSgnVEvi_GQJ5-N1w3r00ucJq6Lk2vYxaZ3CYJxhHK22j6cL5a3W0nSmJLdqfVd6CNS47rR9MwVke-ZIa5T8oDhyH46N-o1a8zy6KPvGnL8luAI-jQ~~&sessionId=
PYTHON工程师,广州・番禺区・大学城,北京壹图厚德网络科技有限公司,15-16K・13薪,本科,互联网,https://www.zhipin.com/job_detail/49ddc1fc6da326fd0HJ40t2_ElQ~.html?lid=8mYmHqsyIo7.search.115&securityId=aiemXQOzHp89O-Y1QxePxBfeL4tE1rHFW9Xsq0PvIqlU-z__XHSGxYcNuwzBqzpRnM8cJntbPyEHJ1zkeTsXl0mTpR4diRWHFXmp9XRAI9QTiBE7&sessionId=
python工程师,广州・黄埔区・中心城,临云生物,8-12K,大专,制药,https://www.zhipin.com/job_detail/9b07b2f053ba7aeb1XB83Nm8ElJX.html?lid=8mYmHqsyIo7.search.116&securityId=YBpZOx1sktVfO-q1mRC5sn48ii2zKb0XTHkRLwjzcDeXYBYpxRimFY8alrrXU7LCWNqaBB_bsMfuBIzz588pIWsvVBIkkeSMN_64KxGZdWsAncNy3n4O&sessionId=
Python高级开发,广州・花都区・花都广场,玉龙科技,10-13K・13薪,本科,计算机软件,https://www.zhipin.com/job_detail/986b994e5e279f951nR-39m8EFtT.html?lid=8mYmHqsyIo7.search.117&securityId=XARSMO27rEHFl-b1WbeuDAJDHLVd_-z-a1SGta0W_THMNNLkxklLEA1pMmC2zpJp62xUTR1PH787KqdoLpE90wYIquzkDNrky1f4d1mMICrDt4afHg~~&sessionId=
Python开发工程师,广州・黄埔区・科学城,征数智能,10-15K,本科,计算机软件,https://www.zhipin.com/job_detail/f20ba703071474ab1XV52tu6GVNV.html?lid=8mYmHqsyIo7.search.118&securityId=38Sy6vFETpEcZ-u10-HzYTW-wJ277GCEmPtp453RasFfiPEPqsrAW2oSanf2GU6E7hJp3Z5bpuQfFnZqZlbHkqhjz6ULcZRtlA7K_IlRRvrrdareSNQ~&sessionId=
Python开发工程师,广州・番禺区・长隆,牵景科技,9-12K,大专,O2O,https://www.zhipin.com/job_detail/29dad8711970a3331nN-3N-1GFNW.html?lid=8mYmHqsyIo7.search.119&securityId=_ZbokfBEg1flS-F1F8tYFuRaTinp0yXBWrCTksUQIdZqNPIi9hazT4Bu3bawRTwbdyczRyzz8HJflw0TeDD1oa5IOBUjwOzBX7K5wXzUadbNL0rjpWY~&sessionId=
Python开发工程师,广州・白云区・金沙洲,品推科技,12-20K,大专,计算机软件,https://www.zhipin.com/job_detail/8cff4904bbe367101n1z2dy_FFNR.html?lid=8mYmHqsyIo7.search.120&securityId=RzGM_MNQeuwgd-31bdBc-XArtpEYneqGf8ERwtwLjzZzab56D822ZPvLi6sZyw5GV0-8TxpRB9rvLXcSjKRapOH8sjBUiN_JIw3A597gUGA9OMJd&sessionId=
python高级工程师,广州・天河区・小新塘,广东书富,8-12K,大专,数据服务,https://www.zhipin.com/job_detail/e0eeb7f48cbb57cb1XB-2tm_GFJW.html?lid=8mYmHqsyIo7.search.121&securityId=0EsPHJnqZjNqp-S14lE5jF1d_ccP9yJePDEA1ailImjUZ4_o-OQ5auKW-uUDwNGTn0WYz1TiZGoOHNu_yoXFWN0SQwhrMBfF0sO4Hty4C0c5Y8OJx8g~&sessionId=
python爬虫工程师,广州・番禺区・南村,北瓜藤子,15-25K,大专,计算机软件,https://www.zhipin.com/job_detail/a0a3db3e65d8a0391XF929m4EFdR.html?lid=8mYmHqsyIo7.search.122&securityId=Flqf-2jRrZQ3P-11Cv8JtpxDY3yv3UgPBlCLGe_O78_d94Yca5PF5vuIOEp-Im259K4biGE4-eMa5Tw4iSxFUMtm8kr-8_ITarhhwErROZVAfemqzv6hzXvWvlD1-Pufo_lYZ46btCD8mbESxkRyri8~&sessionId=
Python后端开发实习,广州・天河区・天河公园,本龙,80-130元/天,12个月,其他服务业,https://www.zhipin.com/job_detail/b741bc4521ab14a01XF73961ElJX.html?lid=8mYmHqsyIo7.search.123&securityId=KgY5tTJ48oqEZ-M1mUgUiT3Wpp0Efi2zwdCtyQw4XSOCT6FkrstBogOhcAgtoiDY7qt-gfNxBH6ORVZRzNufX_G9kXSeWdDwk2CzMuueNz1tgbq7nYUKDEg8PS3FKsvSMiWabM56rnoQVZDQyKqJGfoM&sessionId=
python开发工程师,广州・天河区・天平架,广州美静,10-15K,大专,互联网,https://www.zhipin.com/job_detail/7869c8e2914a93d61XB_39q8ElpS.html?lid=8mYmHqsyIo7.search.124&securityId=YsLkN1uqiR2Q4-O1rxmZEZECDzutdIRSk7N5mFc2rw1Pzwo1gkotAXDe-2Ui3JiTmklVAi1WIVMj4Ig9O6JyAGd07SpyG-e1j2VeOmr1iAjB6DCKLQ~~&sessionId=
Python开发工程师,广州・天河区・东圃,思软科技,8-12K,大专,计算机软件,https://www.zhipin.com/job_detail/40cd57c97de060461nZ92dy_EVZT.html?lid=8mYmHqsyIo7.search.125&securityId=PKy0XVYiJDNmf-11Yvfp27qDNdIqqCejYD0Pk0ZUqIP4oqckP4km3eO7vEQLRd0QTJ3xuq_KrsQmt4j_b4IrxnqLFKHSKlaL7ltU5K3IsW24mRa96Q~~&sessionId=
Python爬虫工程师,广州・番禺区・番禺广场,BIGO,20-40K・15薪,本科,移动互联网,https://www.zhipin.com/job_detail/d6d8d022c4026d480XJ63dq-FlQ~.html?lid=8mYmHqsyIo7.search.126&securityId=WvA4Xwg9_QPQ6-f1TRRLoSGbDtXZAbUvmZ-yRbJ6b3VTPpVTrizzs42jRIDlc5H-6Br70kXvxHMkAuFx8pPBXlleHZdbPNKXkuXVWAAoLYYzZg~~&sessionId=
python开发工程师,广州・荔湾区・芳村,信念智能机器人科技,11-22K・14薪,本科,移动互联网,https://www.zhipin.com/job_detail/ca18a3a34f9a47f31XF509--FVRS.html?lid=8mYmHqsyIo7.search.127&securityId=Im3HKIiZ6rMOT-D1QA-jtRtNun832socosaCpjlv1aPmp88ubFplGBWu6jb6BjprWUBKXMS0DpsrfEKZ7BOjWGk-QFzL4cwDMmApzjoD9aXBNKd-6BzL&sessionId=
Python开发工程师,广州・番禺区・长隆,悦谦科技,15-30K,本科,数据服务,https://www.zhipin.com/job_detail/d3e222337a1218b00Xx83N-6F1o~.html?lid=8mYmHqsyIo7.search.128&securityId=SF-bQlwgUGKlX-M1IYxyFUuLQwvVf2kp0lLcafjIdLUxlmxbT0T06fbPqdfV50ixN_4BaWPqSubotlzEa0jiid44BKi7WJXfttdQj2SVlYNOqtNR&sessionId=
Python开发工程师,广州・天河区・棠下,国交润万交通信息,10-15K・13薪,本科,计算机软件,https://www.zhipin.com/job_detail/4d71c9f78664817d1XR_2tu5GFJZ.html?lid=8mYmHqsyIo7.search.129&securityId=IU8fABRT9m5SE-u1H4h831pRw2mRtOX2XltNelc3Rkz6ASLTgSty9nFyIgsiQrJzZ-jAz_2oOnTjWqgYKN4_QpuOTyH89I7qlafCavtmSvgp1d4D&sessionId=
Python后端工程师,广州・天河区・珠江新城,广州华安,5-10K,本科,信息安全,https://www.zhipin.com/job_detail/ce008c43f637b93b1nF43Nu0FFFU.html?lid=8mYmHqsyIo7.search.130&securityId=k8tDAsLzMze1x-c1P5Jtru-yCW6u7q_h1529c3kRWiVJODEv1vYhpui2_6Yv2CaerMpFQbcmUcxMRRCHNJQOR_KN9zyoQyuRFBuoY-FfqnklUZJ2WL0G&sessionId=
python开发工程师,广州・番禺区・南村,哼哈互动,8-12K,大专,广告营销,https://www.zhipin.com/job_detail/f5c79c13939ea7f41XB-2dy9FldT.html?lid=8mYmHqsyIo7.search.131&securityId=atlv7n9rFetWU-d1_EF_XMejWsfb-jimq7ZXRmGGJUFI2KNj5rbeYb4le-zdEU7M17xS7uMiiUfCaFDjkJYbXlmyEnCa1QbgK-2KFqGScWmlBSjeKw~~&sessionId=
Python后端实习岗,广州・番禺区・大学城,立云科技,150-200元/天,3个月,互联网,https://www.zhipin.com/job_detail/253d16b1feca80e71nR42t21ElRZ.html?lid=8mYmHqsyIo7.search.132&securityId=_UA34ozD7Jj43-a1RYL7a4HVtKlS0dns1rNNItOv1x2DCIJUF_O6cwsBxk1Vy_05DZuKVal7dyA3tA98jpcNUYeLl0GqYwyjle-2kgKuZUNUKwXR-Q~~&sessionId=
Python爬虫工程师,广州・天河区・小新塘,云润大数据,11-18K,大专,计算机软件,https://www.zhipin.com/job_detail/013da921598010b71nx_2tu8GFJZ.html?lid=8mYmHqsyIo7.search.133&securityId=5eLXOCsGbhC7H-d1kQwqmob2KLgswxkg4cQtOAT0I5GmPmrqRzuDWfA6GfP7-2c-DeocTdBNLR7hehSRU7-mWkAvfwCiQ6C-1DByWHCoGQmNVQswwg~~&sessionId=
Python开发工程师,广州・番禺区・大石,生命奇点,15-20K,本科,互联网,https://www.zhipin.com/job_detail/3f91e07aa1d899451XZ_2t25FVdU.html?lid=8mYmHqsyIo7.search.134&securityId=9Gca6OdrY9ixm-R1egajbERuOrqCaHXieWoEoxwUduKXkmqpulVZqo_MKVgZR_55_dZWBDFHxSRmGwNW9ZAbZFtqKDN9WMKxaH7jnIB4p_VxFcEr&sessionId=
python测试工程师,广州・黄埔区・万达广场,易宝软件,15-25K,本科,互联网,https://www.zhipin.com/job_detail/d61777c26918aa501XB_3dq9FlpU.html?lid=8mYmHqsyIo7.search.135&securityId=-nvBHgBFKaDmf-n1-jf4c0Pz7nQ72FjRQRzgcRQI6krcDNqkbDguTL2E3BzcO7NTwtDHS56HvkdcorFlxqzRfpK9dx9K49jK6oyj35Kf9eejm6P3z8QohPVr71bwPUmcu6NTm7Hyu0MOwBXNQD-Y1jmh&sessionId=
Python高级开发工程师,广州・白云区・永泰,陈财通,20-30K,大专,贸易/进出口,https://www.zhipin.com/job_detail/7a207250ee6b42d81XZz2t-1FVJQ.html?lid=8mYmHqsyIo7.search.136&securityId=3DDHtby1pXJH0-_1tGeCq9KAE3R50CCtSJLUuTl_ZtvLVGevB21qWuGVGdhfjvdcVHJNzZ8LuAtfOJxPedl9notEQ586zsR_kbX9q_wNPLppDfzcvvw~&sessionId=
python量化交易工程师,广州・番禺区・厦,全娱科技,18-28K,本科,游戏,https://www.zhipin.com/job_detail/b769f826f4d6b2b71XV93961GVJX.html?lid=8mYmHqsyIo7.search.137&securityId=aGaIeO0eOS9SV-u1iWgO6u6OTHnvT5d2oDhoXDIAmab8BH2YIOZ9aNRQ0ILlJGBNaWasD6NlXC1lI_BcClDJPRkdtxDZy5xXrISL2oeZV364Y5eGzhg~&sessionId=
python后端研发工程师,广州・天河区・天河公园,聚啊科技,11-22K・13薪,本科,游戏,https://www.zhipin.com/job_detail/6c8ff543f99ce16b1XF62t-8F1ZX.html?lid=8mYmHqsyIo7.search.138&securityId=wW_aavAPxs90F-61JCi9ffXUYWvlfg8HWYOEdXYUoZP9prGj5ZJPH4vDQqNdv7fs4LDxwjZ6bAjohQJFYDqXjOFiZVaaDQOXaorJeqFkRsEVEWhs1Q~~&sessionId=
python量化交易工程师,广州・天河区・珠江新城,分子资产,6-10K,本科,互联网金融,https://www.zhipin.com/job_detail/35edb751508997a01nxz29i_E1tR.html?lid=8mYmHqsyIo7.search.139&securityId=Ux6NlINaE21ca-01wIIynz6299iv6-XlJcN-Z_MW8_1VlF419qxOV_LnKbahbHhJF0LHLCRauzLte6ytlX-m3qmsDpmvoCuL8-2GMOmqvgU8VmD-QGY~&sessionId=
python高级开发工程师,广州,瑞豪家具,16-21K,本科,家具/家电/家居,https://www.zhipin.com/job_detail/c3ad92d07bad2c121XF93Ny1E1BR.html?lid=8mYmHqsyIo7.search.140&securityId=1epmtMmys6Q2G-X114b4Upogr00e5CrozMPLAMMQ3nNUDTXjABSHIyIycGb553sCVteNcQvWke9sXFT1S261tNsTUP6ku3JT5ikv3PRYEEL0NgzPbamf&sessionId=
python后端研发工程师,广州・天河区・石牌,嘉为科技,11-20K,本科,计算机服务,https://www.zhipin.com/job_detail/2ebe8cf85c47944b1XF_096-E1BR.html?lid=8mYmHqsyIo7.search.141&securityId=pLTOzv1PLLYZy-21udrvH2OrfI-UPso2dznwAgoiVSboBKBtutW2Z2rttBtyOM-xpaj0R3BVGwttndYnTUXsIOHwK7eLv9XxZiepoR_EtVvpmP8pZw~~&sessionId=
python爬虫开发工程师,广州・番禺区・市桥,优视电子,11-20K,本科,计算机软件,https://www.zhipin.com/job_detail/da6c39f177d031431XF_39q9FFVZ.html?lid=8mYmHqsyIo7.search.142&securityId=G97liL2DYZxM8-u1svlscvbpLno8tG73tM0ESWeTizV_newtroLZ8VVIp6T0r2IFXYea2jzoqSlzvSTIQwzW_LCoerHn6lWgg8A4Qkq3Jqsiqo_-&sessionId=
Python开发实习生,广州,微易软件,150-200元/天,3个月,计算机软件,https://www.zhipin.com/job_detail/b460b805c997b2741XBy3Ny7FVJR.html?lid=8mYmHqsyIo7.search.143&securityId=7jO4GoisK1Ryb-v1_PumA6xdLYXxHPf6fQlh_WbrPxFGDE_OpOsKUVXwvLsp5KrxT9fhWf-6FJCR3-tyvNcB6pbBv9xH5I1MmtWuYexoGPkWL2-MOQdEh5iYGULzqcEJixUFaL75v-qZl0VSIFZrdyU~&sessionId=
Python开发工程师,广州・天河区・龙口,识行,7-12K,本科,计算机软件,https://www.zhipin.com/job_detail/528ba35af69517a21XZ839m4FFVQ.html?lid=8mYmHqsyIo7.search.144&securityId=yZ_3K0dCJUaFx-q15TiEaNUnUYc4deSQ7hqrJfj7bsKXnnn6pU5G_nnlSgCPOOlQA_X1cDelcO8ND_kMWBKoDi7ale6y8Mty29-3E4k50Q38-xIMmKY~&sessionId=
python后端工程师,广州・番禺区・南浦,智禾电子,7-12K,本科,医疗健康,https://www.zhipin.com/job_detail/19498890cce3154b1XV-09i5FFNX.html?lid=8mYmHqsyIo7.search.145&securityId=dE7cBDU5I9S0A-S1N3mJkE0-gZ-O2hGlt5vIN6VlQvgemcwMQOWkfwtMUNU2-iL7EbxyPCaKHQYFgyPVdN2U0N73mSc45fwX4SSb9O957Z0QGWZ7Tjs~&sessionId=
Python开发工程师,广州・天河区・车陂,广州优飞,10-15K・13薪,大专,互联网,https://www.zhipin.com/job_detail/9bf7987347fdf2171nZ52Nm_ElBX.html?lid=8mYmHqsyIo7.search.146&securityId=Hf3WYEcf00x60-W1BvH_j_YWIatvHhyQ4w3fvgvAh5SVgteubKox0RGyvEPsxJAvwOP5N0DCDAmfcMd1v4bTCOVF0gOiI_5xJHgs8ikFkA6kR8bd3g~~&sessionId=
Python开发工程师,广州・白云区・新市,奇好网络,5-7K,学历不限,互联网,https://www.zhipin.com/job_detail/923a6e25734ae0731nB929-5ElZS.html?lid=8mYmHqsyIo7.search.147&securityId=YzwltRE5srhm4-11tCaDy25dv6Mz4R60urC_i23o5-PtvToQyg0QrOa-tW-9GoU9dsrNtot2gHhwg6zpwIx61FC9s5tx0MnI8PHG4NsxNw1Sch768Q~~&sessionId=
python开发工程师,广州・海珠区・琶洲,大参林,12-24K・13薪,本科,医疗健康,https://www.zhipin.com/job_detail/7681019364a5cf371XB63t-5GVRR.html?lid=8mYmHqsyIo7.search.148&securityId=bdiLuiexccje7-G1hE8G4jf5owIpdr5joBuELeIfuv3fv26fkOi8YERy4pvR9YkkYXQQgQ1EloDvFboZEZ2zGgorSqmSnSui5hDEreAo6p7SsR2m&sessionId=
Python开发实习生,广州・海珠区・琶洲,广州火焰科技,120-200元/天,3个月,计算机软件,https://www.zhipin.com/job_detail/550ba0e9b37351171nxy3NS4FlRW.html?lid=8mYmHqsyIo7.search.149&securityId=qGvtD8u3EvEuO-91xgd_Ikzt_gPnupzVhkekXiq0jkzXFJD_h2NoiPqolpUljzGwxHQGN0lTSDDAI3n3Z7Q8V9Kidaqkae7RfxtTJ42A97oU6NPI&sessionId=
Python后端中级程序员,广州,好布业软件,8-12K,大专,计算机软件,https://www.zhipin.com/job_detail/420fcdfcbb9dbb621nR82dq9ElZV.html?lid=8mYmHqsyIo7.search.150&securityId=wi00jRnIhMuoP-w1pQaFtu_0o0pOuYmJxRRGFznTtN3zhzShbFQN3PDG2kTZQbf5sw5HJYISN50w9dfpCeXTgshhVoYY5BlKTl2OtYnGkDHkuB-qAQ~~&sessionId=
爬虫开发工程师,广州・黄埔区・黄村,龙席网络,10-20K,本科,互联网,https://www.zhipin.com/job_detail/d25abc127dafc3a51XZ93d-8EVQ~.html?lid=8mYmHqsyIo7.search.271&securityId=QYY6-bpB8e031-r1wdxnYx1ywbGKeHop1pk3k_IkqU09qX2HlrjX62MkkSdSQjn88uRAtAYZnt54eXMooERMhOTGl1Iy9j1aHvk14ZiWHjO1&sessionId=
视频AI工程师,广州・天河区・岗顶,广州又一城网络科技,11-20K・13薪,本科,移动互联网,https://www.zhipin.com/job_detail/aab297a86432453a1XV_2Ny1GFFS.html?lid=8mYmHqsyIo7.search.272&securityId=lFNOcb6edbHpF-P1sYlKDDmD4Ad9nq45exVGfgKj1gfIv7rs2bu3qV0LFhJmTRsqqbXnt6ysviizOIPYEjmUtbQqs5G_IQVIu8zNV4tDPxo4I9XyoB6l&sessionId=
RPA实施开发工程师,广州・海珠区・琶洲,奔腾达,6-11K,本科,计算机服务,https://www.zhipin.com/job_detail/154451f435585fcd1nF73t-0FFdW.html?lid=8mYmHqsyIo7.search.273&securityId=hQqYd7Q3WS0CH-f1iJlYkXsYYk16pGNo6fgu_17nyeqxtP1CXBetTekV8XcnxjB3--0yiKWy0LhVIPjVJhQLn5wXp6wSKtBYnvamkYlDwAAZuObqxA~~&sessionId=
自动化软件工程师,广州・黄埔区・科学城,广州呈源,11-22K,本科,医疗/护理/卫生,https://www.zhipin.com/job_detail/2dcc026d1d2c85b61nx_3Nq8FVNY.html?lid=8mYmHqsyIo7.search.274&securityId=jpT4RLvbZ5k1g-v1I6agLEQem1krjxCWliKY6EXCH-hJAZ9Dj7RCx_J9Uu6r_bo4KdwShIaqs3b001_Q-R8iHAiPNm07fSSkS2BJB7vnxyKWiaVUl4I~&sessionId=
PRA工程师,广州・白云区・黄石,臣信电商,7-10K,本科,互联网,https://www.zhipin.com/job_detail/b8ac9fc74055a9831XR-3dm4GFdV.html?lid=8mYmHqsyIo7.search.275&securityId=JohOo5mvcFIWC-J1lO3yFlNMxIO3ymY-mkxxk5TygC0XTaeA0ral9R3giQ4FDI-plNkZ0e4O_ZNHc3oJu9jOf-ZXOcZlfNNYEYKpfO7Ei0qJDRRc&sessionId=
棋牌服务端开发工程师,广州・天河区・高唐,网易游戏,13-17K・14薪,本科,游戏,https://www.zhipin.com/job_detail/abf14524cc599af41XZz0ty6EFpY.html?lid=8mYmHqsyIo7.search.276&securityId=oNss9s8WpnjoQ-P1wj2byjRX--EDRbG_pDTC22z5nKEVSDbT8bHZ3rtyr0jgUctEdoQbuSCCwRwdTANXFuvqTVTYj79726mUANIwFsuRBf9KT2IVEsSacmir3pLj6QsByAhaPaFWkvlyTArh5K26pw8~&sessionId=
动画TD,广州・南沙区・黄阁,奥北动画,15-20K,学历不限,广播/影视,https://www.zhipin.com/job_detail/96d3a77b46c75d8b1XR639q7F1VR.html?lid=8mYmHqsyIo7.search.277&securityId=0OBDgyrIMlt8P-H1XQSiI296CFJrCCJqT-V5xHjDCt6_xM7haPsaI6ppfZQhdu_A55EE5Mlr_JAihO275iio_cRYGbRGpRPCvruSctEGZcN3se4XGMs~&sessionId=
RPA开发工程师,广州・越秀区・海珠广场,妙思,8-13K・13薪,大专,互联网,https://www.zhipin.com/job_detail/eb09002c01fd797e1nN63dS5FFRU.html?lid=8mYmHqsyIo7.search.278&securityId=YfbiBG7LK6R7o-m1T9jN3zQ4SaedcJAZDRxDUPr9ed1LRaIxX0l3zF2-4tcXed_nf1vD4aY50V3Dhxo4pjcSUyt6Ope1iGaxKo7WS16E&sessionId=
区块链开发工程师,广州・天河区・珠江新城,信维股份,15-20K,本科,计算机硬件,https://www.zhipin.com/job_detail/2474d193b233b8dd1nx82dW9E1RU.html?lid=8mYmHqsyIo7.search.279&securityId=ZLfr7qZs-j1hN-M1rzXucYBbTkmEa6SnCHiPJBdm1nCq_t3sy2TTwj5t_P7o_2K6B5V1GjfS2KxuOESpDpJ7s_u8Mtf1ghGBHuOEXaRz3zL65ULndg~~&sessionId=
服务器资深开发工程师,广州・天河区・冼村,当红,20-30K・16薪,本科,电子商务,https://www.zhipin.com/job_detail/b42b5a999e51817b03R_09i_EVc~.html?lid=8mYmHqsyIo7.search.280&securityId=yjuYsDhHxj9Xw-_1DC2PJGxxXaa1vura5agNBOEWnRU2_tZPAH6SVwQDmkcdjTzb9TcDnbw0xWYZaYsAZfs1Nhff3g3l4P9lPVXm27F0o_jZzhrx&sessionId=
少儿编程课研经理,广州・番禺区・长隆,今之港,10-15K,本科,在线教育,https://www.zhipin.com/job_detail/b112ff7a2dd545911XF_3d6-EFtV.html?lid=8mYmHqsyIo7.search.281&securityId=iPaJdLdc8QAXQ-B1dutHKdMa4ERWEkVCZuCPMhOditwSdT6OrlNvroT4S2zEWqbENNWg1LQueWxygf2ufHxpP_vl-epHiu4dW8MxR4yjceb652znCiJKCOj2jzdg0RY73Gp20I0KccyztHbLBqbL&sessionId=
数据挖掘,广州・天河区・冼村,中康数字科技有限公司,14-24K・14薪,本科,医疗健康,https://www.zhipin.com/job_detail/a0bce7ae54b9a2dc1XZ639m8EFdR.html?lid=8mYmHqsyIo7.search.282&securityId=psiqM4ZXyTP7j-h1RK23cWsEzHUWGLQHBt-a215tv42024z0gutXQ4N_PlFTlBOmcwDN_ThR2inzGFJXbExD7HK2TSDJTkKMxn6xU9-d9CSTachk7yw~&sessionId=
AI算法工程师,广州・越秀区・黄花岗,中科股份,20-30K,本科,企业服务,https://www.zhipin.com/job_detail/9164cd01188e9a4d1X1y09W9EFI~.html?lid=8mYmHqsyIo7.search.283&securityId=kR34MHZLY3G7a-V1M6Xp1ZyWap59YBZ7lFaP7FQc1ASfo5RZMWfe2D1WJsfWBkGo_Ce_TKkSpp8OTm5nzfCKKQrvLttkXHJhvnaYAlMvyOZfqY4~&sessionId=
技术美术（Tools&Pipeline),广州・海珠区・琶洲,今日头条,25-50K・15薪,本科,移动互联网,https://www.zhipin.com/job_detail/900d2d2e1d4ab5d01XF63dS7GVJY.html?lid=8mYmHqsyIo7.search.284&securityId=yKi2a2_PLJ2HQ-417MiX0GYt40vouNt4y6XbFiwjrnumYPZTWW1_kGPC0PFTR16lpIA_3Z09iYjRWoxSzwqVSuPoLewVM0buIII7DDtKBaWeIE0~&sessionId=
算法工程师（智能汽车工程师/Slam工程师）,广州・黄埔区・科学城,易飒智能科技,14-22K,本科,智能硬件,https://www.zhipin.com/job_detail/6efa85a07e9f10611n183ti8GVdX.html?lid=8mYmHqsyIo7.search.285&securityId=voszt9xoea0Pg-C1dE9sGA-XeR0tzB96bW_Y17iJFdJdqAtfEmkPKABONGEYcXt32UqfBVeuJC_WlmHoloioIEK4Gpd62JXeMTqGwtglpHIE_1FB1A~~&sessionId=
研发效能开发工程师,广州・海珠区・客村,腾讯,20-30K,本科,互联网,https://www.zhipin.com/job_detail/7321213ea28f12061nF809m7EFBS.html?lid=8mYmHqsyIo7.search.286&securityId=WyfFqeYBZGIVN-P1hDHMRFneqnnThMLZ2d0eXemXvPH1hf8F_mU_JYsVPcpPzZ-WCx1FTKam_NyTdBd-a-Xn39aD1T9XTo3Ad4O7h4ILHfcyL5Ct2CiW&sessionId=
高级java开发工程师（南航驻场）,广州・白云区・机场路,绛门科技,18-19K,大专,计算机软件,https://www.zhipin.com/job_detail/e49ac53f936a680a1XR-09u9F1VR.html?lid=8mYmHqsyIo7.search.287&securityId=sGxjQKcITP-6o-31WZ6lDExua8XDS1Wbi8JFF60SpHpphM7MYa4q4TmTUh5BJr6a9e0E3LUJlBN2f0dGBkrba7uLXerb0tsX5oofFUOhylr0lfFS&sessionId=
少儿编程教师,广州・白云区・石井,起跑线教育培训,5-10K,学历不限,培训机构,https://www.zhipin.com/job_detail/49890fbe9ac051381XB60924FlBT.html?lid=8mYmHqsyIo7.search.288&securityId=UieuNj8xBszgi-f1ggd7Epp1E77JH4qd-D0i8t5fqFgIhHJ6IQjWJpYIAM_YTiSNQ5AclTBcHPUMk_zq5WWC6yooW6Y_KjpzWnbP8r2Jz4Jt50BhKg~~&sessionId=
数据处理实习生,广州・越秀区・建设路,精诚合创,120-130元/天,3个月,企业服务,https://www.zhipin.com/job_detail/80313d63907a1a061XR_3dS6FldX.html?lid=8mYmHqsyIo7.search.289&securityId=nBfQAmmlXO7mC-j1uPu588_1OSkmZlib9BfWpaP_s6PFchu5ZLhQ1i9mJJkARqHv2BNMiS0D_Qbfo2s-biAfdLEhKVSndcudHREy5rHFCWYJhH-4oA~~&sessionId=
RPA实施工程师,广州・天河区・天河客运站,分叉智能科技,9-14K・15薪,本科,计算机软件,https://www.zhipin.com/job_detail/e64a40bb31ee9db61XBy3ty8FVRY.html?lid=8mYmHqsyIo7.search.290&securityId=NHULxA42lojLq-w1xdI4qfzz8120K0_V2A7opa9g0OAxHt3QEzF_qFLQFQIqHPUPEvFZW6q2HavS3ptrcnoXhtwrebt5V6hFXSn50vteCShhdKFZ8g~~&sessionId=
AI产品经理,广州・天河区・体育中心,广州万隆,8-12K,硕士,证券/期货,https://www.zhipin.com/job_detail/c78e7419239b02101XJ52t6-EVFU.html?lid=8mYmHqsyIo7.search.291&securityId=SvGQWDToS4TBL-81-RoEHybX6ZH0AW57bdJ8OS6kpOxZE-9V5a5kyBO6td4KDG3a36XH46dmv0XN9jrgXnMwIZ3y7VCpj5bPDZ0Lah0nDe9sIXZs3g~~&sessionId=
专利工程师(通信）,广州・越秀区・沿江路,北京博思佳,7-10K・13薪,本科,专利/商标/知识产权,https://www.zhipin.com/job_detail/9bb37c224fa065091XVz3dW-F1tT.html?lid=8mYmHqsyIo7.search.292&securityId=RCzVoxMpQD9H4-K1UdC9cN6xAa7KCes5gmmr0NIS2AuCyoOkE5Qas0_nJCKGOZb_gto6b2BPz4MVxxwBekwP6eYrPzMr3JrQ_D1rLsgij3LFsXuqBXBXf54Do1TTulJvsVzN99a-l_qWV_uHVMe29w~~&sessionId=
中级系统工程师,广州・黄埔区・中心城,尚航科技,8-13K・13薪,大专,数据服务,https://www.zhipin.com/job_detail/9c3a79ed33990ac11Xdz29i_GVNT.html?lid=8mYmHqsyIo7.search.293&securityId=TBxr2Ax3un9Qy-W1za6ivJOO4UQhZtSExn3c4mnrWl86uvplZtoTz8JDGET90yTbQlYntAoHBnIUEOhUs4ZcIrSJ1DITvS5pXYa3S1tiW2cZ8rML&sessionId=
数据开发工程师,广州・天河区・岑村,德勤,12-24K,本科,咨询,https://www.zhipin.com/job_detail/bb42cbe238833f131XZz39q1GVRS.html?lid=8mYmHqsyIo7.search.294&securityId=LN_09weZRmS1F-P1sE6l60bTRerGodwobWQsO9ZJlKiftV3lWUo0eqCs-77LESLr8hI1NJ0ojMJCK9SA8RYHO9EzmaerjIUkMRDniFkb2MQAGCoUiVMU&sessionId=
数据分析师,广州・海珠区・新港西路沿线,云墨数字,10-15K,大专,广告/公关/会展,https://www.zhipin.com/job_detail/cbb533e23a5dd50d1XBz2dq_GFVQ.html?lid=8mYmHqsyIo7.search.295&securityId=vrpzgV1Q1wHBV-21NFT6k0eWyS2vaJkrQ5jr2ULhMDl3AQVWLlPcQydWGvGHIwTw0bbOT7EQWrq8NQI6lcC_0ryoSCF2t_xdD8pOWLakIlLL_7CvZE3S&sessionId=
游戏服务器开发工程师 (MJ000140),广州・南沙区・南沙区府,宸境,30-60K・13薪,本科,计算机软件,https://www.zhipin.com/job_detail/95ae59dcacb765b51XVz3d67GFNW.html?lid=8mYmHqsyIo7.search.296&securityId=1SDaOu1F_icJ6-H1ItgipfTwfJVDh_rGHfn4s16WGMyKDa32innThokDAlAzHY12PszwWCa9zbOGuSJS9D8Vuc61djczgl1h0ZQyeFHHBZgKF0Cd3ag~&sessionId=
少儿编程老师（双休）,广州・越秀区・东风东,卡沃科技教育,6-9K,大专,培训机构,https://www.zhipin.com/job_detail/624c39658f49e9a11XB_0967F1dQ.html?lid=8mYmHqsyIo7.search.297&securityId=hh2Lo2l1eHilU-G1lHavmQYvEE2uv8_hzVUrunX8W6ynBlIpY06eiAUG86n3QkpF7dc9PB-lUkr96R3htZ4yGtnay3DpbrmNzTmaINlsq7JDzTf0oQ~~&sessionId=
Linux技术支持工程师,广州・天河区・天河北,北京神州立诚,5-8K,大专,计算机软件,https://www.zhipin.com/job_detail/1935d8a2aa8ea0201XN939W_Elc~.html?lid=8mYmHqsyIo7.search.298&securityId=SFOrxpHIpGHhr-51bYRMZzEkiTZFpMWAUTTbrsyS_n9Xk0SfrsqN080e8xlxbQoyIZADe44pciMebEZe-UHPnC_uvG3wGI5LfMAFj2uvil90N7NJ&sessionId=
iOS开发工程师,广州・天河区・棠下,广州火树网络科技,14-25K,大专,游戏,https://www.zhipin.com/job_detail/49624c2b021378661XV82Nu1E1pQ.html?lid=8mYmHqsyIo7.search.299&securityId=dS1TeNPUe2sEZ-j1_Q-QmrOfDkAe4Cmj0PXaWfbR5HR2NagR9xq8MP-ej3SJJBckNOaOuT3x9ltK6MoN_QXjokLvf2hUDZkmK98aEjxNmJapU3XWkz9d29dogaPMaQnFr3BPRJJewyoD6gTMKFtH&sessionId=
SOC配置管理工程师,广州・黄埔区・科学城,新华三技术有限公司,15-30K・14薪,本科,计算机软件,https://www.zhipin.com/job_detail/40e342965baf95021XF-3d-9FFFX.html?lid=8mYmHqsyIo7.search.300&securityId=PT4OjHGsro7U1-41MSdUAFIdSXMBWM7-SAbhf83_vvwbwI2Jxtagph1co1U89LTxe08ETy8WsMXBdICJdnVV8ItBV7N_qg5yAvafaszgIUcpK4H4&sessionId=
爬虫开发工程师,广州・黄埔区・黄村,龙席网络,10-20K,本科,互联网,https://www.zhipin.com/job_detail/d25abc127dafc3a51XZ93d-8EVQ~.html?lid=8mYmHqsyIo7.search.271&securityId=QYY6-bpB8e031-r1wdxnYx1ywbGKeHop1pk3k_IkqU09qX2HlrjX62MkkSdSQjn88uRAtAYZnt54eXMooERMhOTGl1Iy9j1aHvk14ZiWHjO1&sessionId=
视频AI工程师,广州・天河区・岗顶,广州又一城网络科技,11-20K・13薪,本科,移动互联网,https://www.zhipin.com/job_detail/aab297a86432453a1XV_2Ny1GFFS.html?lid=8mYmHqsyIo7.search.272&securityId=lFNOcb6edbHpF-P1sYlKDDmD4Ad9nq45exVGfgKj1gfIv7rs2bu3qV0LFhJmTRsqqbXnt6ysviizOIPYEjmUtbQqs5G_IQVIu8zNV4tDPxo4I9XyoB6l&sessionId=
RPA实施开发工程师,广州・海珠区・琶洲,奔腾达,6-11K,本科,计算机服务,https://www.zhipin.com/job_detail/154451f435585fcd1nF73t-0FFdW.html?lid=8mYmHqsyIo7.search.273&securityId=hQqYd7Q3WS0CH-f1iJlYkXsYYk16pGNo6fgu_17nyeqxtP1CXBetTekV8XcnxjB3--0yiKWy0LhVIPjVJhQLn5wXp6wSKtBYnvamkYlDwAAZuObqxA~~&sessionId=
自动化软件工程师,广州・黄埔区・科学城,广州呈源,11-22K,本科,医疗/护理/卫生,https://www.zhipin.com/job_detail/2dcc026d1d2c85b61nx_3Nq8FVNY.html?lid=8mYmHqsyIo7.search.274&securityId=jpT4RLvbZ5k1g-v1I6agLEQem1krjxCWliKY6EXCH-hJAZ9Dj7RCx_J9Uu6r_bo4KdwShIaqs3b001_Q-R8iHAiPNm07fSSkS2BJB7vnxyKWiaVUl4I~&sessionId=
PRA工程师,广州・白云区・黄石,臣信电商,7-10K,本科,互联网,https://www.zhipin.com/job_detail/b8ac9fc74055a9831XR-3dm4GFdV.html?lid=8mYmHqsyIo7.search.275&securityId=JohOo5mvcFIWC-J1lO3yFlNMxIO3ymY-mkxxk5TygC0XTaeA0ral9R3giQ4FDI-plNkZ0e4O_ZNHc3oJu9jOf-ZXOcZlfNNYEYKpfO7Ei0qJDRRc&sessionId=
棋牌服务端开发工程师,广州・天河区・高唐,网易游戏,13-17K・14薪,本科,游戏,https://www.zhipin.com/job_detail/abf14524cc599af41XZz0ty6EFpY.html?lid=8mYmHqsyIo7.search.276&securityId=oNss9s8WpnjoQ-P1wj2byjRX--EDRbG_pDTC22z5nKEVSDbT8bHZ3rtyr0jgUctEdoQbuSCCwRwdTANXFuvqTVTYj79726mUANIwFsuRBf9KT2IVEsSacmir3pLj6QsByAhaPaFWkvlyTArh5K26pw8~&sessionId=
动画TD,广州・南沙区・黄阁,奥北动画,15-20K,学历不限,广播/影视,https://www.zhipin.com/job_detail/96d3a77b46c75d8b1XR639q7F1VR.html?lid=8mYmHqsyIo7.search.277&securityId=0OBDgyrIMlt8P-H1XQSiI296CFJrCCJqT-V5xHjDCt6_xM7haPsaI6ppfZQhdu_A55EE5Mlr_JAihO275iio_cRYGbRGpRPCvruSctEGZcN3se4XGMs~&sessionId=
RPA开发工程师,广州・越秀区・海珠广场,妙思,8-13K・13薪,大专,互联网,https://www.zhipin.com/job_detail/eb09002c01fd797e1nN63dS5FFRU.html?lid=8mYmHqsyIo7.search.278&securityId=YfbiBG7LK6R7o-m1T9jN3zQ4SaedcJAZDRxDUPr9ed1LRaIxX0l3zF2-4tcXed_nf1vD4aY50V3Dhxo4pjcSUyt6Ope1iGaxKo7WS16E&sessionId=
区块链开发工程师,广州・天河区・珠江新城,信维股份,15-20K,本科,计算机硬件,https://www.zhipin.com/job_detail/2474d193b233b8dd1nx82dW9E1RU.html?lid=8mYmHqsyIo7.search.279&securityId=ZLfr7qZs-j1hN-M1rzXucYBbTkmEa6SnCHiPJBdm1nCq_t3sy2TTwj5t_P7o_2K6B5V1GjfS2KxuOESpDpJ7s_u8Mtf1ghGBHuOEXaRz3zL65ULndg~~&sessionId=
服务器资深开发工程师,广州・天河区・冼村,当红,20-30K・16薪,本科,电子商务,https://www.zhipin.com/job_detail/b42b5a999e51817b03R_09i_EVc~.html?lid=8mYmHqsyIo7.search.280&securityId=yjuYsDhHxj9Xw-_1DC2PJGxxXaa1vura5agNBOEWnRU2_tZPAH6SVwQDmkcdjTzb9TcDnbw0xWYZaYsAZfs1Nhff3g3l4P9lPVXm27F0o_jZzhrx&sessionId=
少儿编程课研经理,广州・番禺区・长隆,今之港,10-15K,本科,在线教育,https://www.zhipin.com/job_detail/b112ff7a2dd545911XF_3d6-EFtV.html?lid=8mYmHqsyIo7.search.281&securityId=iPaJdLdc8QAXQ-B1dutHKdMa4ERWEkVCZuCPMhOditwSdT6OrlNvroT4S2zEWqbENNWg1LQueWxygf2ufHxpP_vl-epHiu4dW8MxR4yjceb652znCiJKCOj2jzdg0RY73Gp20I0KccyztHbLBqbL&sessionId=
数据挖掘,广州・天河区・冼村,中康数字科技有限公司,14-24K・14薪,本科,医疗健康,https://www.zhipin.com/job_detail/a0bce7ae54b9a2dc1XZ639m8EFdR.html?lid=8mYmHqsyIo7.search.282&securityId=psiqM4ZXyTP7j-h1RK23cWsEzHUWGLQHBt-a215tv42024z0gutXQ4N_PlFTlBOmcwDN_ThR2inzGFJXbExD7HK2TSDJTkKMxn6xU9-d9CSTachk7yw~&sessionId=
AI算法工程师,广州・越秀区・黄花岗,中科股份,20-30K,本科,企业服务,https://www.zhipin.com/job_detail/9164cd01188e9a4d1X1y09W9EFI~.html?lid=8mYmHqsyIo7.search.283&securityId=kR34MHZLY3G7a-V1M6Xp1ZyWap59YBZ7lFaP7FQc1ASfo5RZMWfe2D1WJsfWBkGo_Ce_TKkSpp8OTm5nzfCKKQrvLttkXHJhvnaYAlMvyOZfqY4~&sessionId=
技术美术（Tools&Pipeline),广州・海珠区・琶洲,今日头条,25-50K・15薪,本科,移动互联网,https://www.zhipin.com/job_detail/900d2d2e1d4ab5d01XF63dS7GVJY.html?lid=8mYmHqsyIo7.search.284&securityId=yKi2a2_PLJ2HQ-417MiX0GYt40vouNt4y6XbFiwjrnumYPZTWW1_kGPC0PFTR16lpIA_3Z09iYjRWoxSzwqVSuPoLewVM0buIII7DDtKBaWeIE0~&sessionId=
算法工程师（智能汽车工程师/Slam工程师）,广州・黄埔区・科学城,易飒智能科技,14-22K,本科,智能硬件,https://www.zhipin.com/job_detail/6efa85a07e9f10611n183ti8GVdX.html?lid=8mYmHqsyIo7.search.285&securityId=voszt9xoea0Pg-C1dE9sGA-XeR0tzB96bW_Y17iJFdJdqAtfEmkPKABONGEYcXt32UqfBVeuJC_WlmHoloioIEK4Gpd62JXeMTqGwtglpHIE_1FB1A~~&sessionId=
研发效能开发工程师,广州・海珠区・客村,腾讯,20-30K,本科,互联网,https://www.zhipin.com/job_detail/7321213ea28f12061nF809m7EFBS.html?lid=8mYmHqsyIo7.search.286&securityId=WyfFqeYBZGIVN-P1hDHMRFneqnnThMLZ2d0eXemXvPH1hf8F_mU_JYsVPcpPzZ-WCx1FTKam_NyTdBd-a-Xn39aD1T9XTo3Ad4O7h4ILHfcyL5Ct2CiW&sessionId=
高级java开发工程师（南航驻场）,广州・白云区・机场路,绛门科技,18-19K,大专,计算机软件,https://www.zhipin.com/job_detail/e49ac53f936a680a1XR-09u9F1VR.html?lid=8mYmHqsyIo7.search.287&securityId=sGxjQKcITP-6o-31WZ6lDExua8XDS1Wbi8JFF60SpHpphM7MYa4q4TmTUh5BJr6a9e0E3LUJlBN2f0dGBkrba7uLXerb0tsX5oofFUOhylr0lfFS&sessionId=
少儿编程教师,广州・白云区・石井,起跑线教育培训,5-10K,学历不限,培训机构,https://www.zhipin.com/job_detail/49890fbe9ac051381XB60924FlBT.html?lid=8mYmHqsyIo7.search.288&securityId=UieuNj8xBszgi-f1ggd7Epp1E77JH4qd-D0i8t5fqFgIhHJ6IQjWJpYIAM_YTiSNQ5AclTBcHPUMk_zq5WWC6yooW6Y_KjpzWnbP8r2Jz4Jt50BhKg~~&sessionId=
数据处理实习生,广州・越秀区・建设路,精诚合创,120-130元/天,3个月,企业服务,https://www.zhipin.com/job_detail/80313d63907a1a061XR_3dS6FldX.html?lid=8mYmHqsyIo7.search.289&securityId=nBfQAmmlXO7mC-j1uPu588_1OSkmZlib9BfWpaP_s6PFchu5ZLhQ1i9mJJkARqHv2BNMiS0D_Qbfo2s-biAfdLEhKVSndcudHREy5rHFCWYJhH-4oA~~&sessionId=
RPA实施工程师,广州・天河区・天河客运站,分叉智能科技,9-14K・15薪,本科,计算机软件,https://www.zhipin.com/job_detail/e64a40bb31ee9db61XBy3ty8FVRY.html?lid=8mYmHqsyIo7.search.290&securityId=NHULxA42lojLq-w1xdI4qfzz8120K0_V2A7opa9g0OAxHt3QEzF_qFLQFQIqHPUPEvFZW6q2HavS3ptrcnoXhtwrebt5V6hFXSn50vteCShhdKFZ8g~~&sessionId=
AI产品经理,广州・天河区・体育中心,广州万隆,8-12K,硕士,证券/期货,https://www.zhipin.com/job_detail/c78e7419239b02101XJ52t6-EVFU.html?lid=8mYmHqsyIo7.search.291&securityId=SvGQWDToS4TBL-81-RoEHybX6ZH0AW57bdJ8OS6kpOxZE-9V5a5kyBO6td4KDG3a36XH46dmv0XN9jrgXnMwIZ3y7VCpj5bPDZ0Lah0nDe9sIXZs3g~~&sessionId=
专利工程师(通信）,广州・越秀区・沿江路,北京博思佳,7-10K・13薪,本科,专利/商标/知识产权,https://www.zhipin.com/job_detail/9bb37c224fa065091XVz3dW-F1tT.html?lid=8mYmHqsyIo7.search.292&securityId=RCzVoxMpQD9H4-K1UdC9cN6xAa7KCes5gmmr0NIS2AuCyoOkE5Qas0_nJCKGOZb_gto6b2BPz4MVxxwBekwP6eYrPzMr3JrQ_D1rLsgij3LFsXuqBXBXf54Do1TTulJvsVzN99a-l_qWV_uHVMe29w~~&sessionId=
中级系统工程师,广州・黄埔区・中心城,尚航科技,8-13K・13薪,大专,数据服务,https://www.zhipin.com/job_detail/9c3a79ed33990ac11Xdz29i_GVNT.html?lid=8mYmHqsyIo7.search.293&securityId=TBxr2Ax3un9Qy-W1za6ivJOO4UQhZtSExn3c4mnrWl86uvplZtoTz8JDGET90yTbQlYntAoHBnIUEOhUs4ZcIrSJ1DITvS5pXYa3S1tiW2cZ8rML&sessionId=
数据开发工程师,广州・天河区・岑村,德勤,12-24K,本科,咨询,https://www.zhipin.com/job_detail/bb42cbe238833f131XZz39q1GVRS.html?lid=8mYmHqsyIo7.search.294&securityId=LN_09weZRmS1F-P1sE6l60bTRerGodwobWQsO9ZJlKiftV3lWUo0eqCs-77LESLr8hI1NJ0ojMJCK9SA8RYHO9EzmaerjIUkMRDniFkb2MQAGCoUiVMU&sessionId=
数据分析师,广州・海珠区・新港西路沿线,云墨数字,10-15K,大专,广告/公关/会展,https://www.zhipin.com/job_detail/cbb533e23a5dd50d1XBz2dq_GFVQ.html?lid=8mYmHqsyIo7.search.295&securityId=vrpzgV1Q1wHBV-21NFT6k0eWyS2vaJkrQ5jr2ULhMDl3AQVWLlPcQydWGvGHIwTw0bbOT7EQWrq8NQI6lcC_0ryoSCF2t_xdD8pOWLakIlLL_7CvZE3S&sessionId=
游戏服务器开发工程师 (MJ000140),广州・南沙区・南沙区府,宸境,30-60K・13薪,本科,计算机软件,https://www.zhipin.com/job_detail/95ae59dcacb765b51XVz3d67GFNW.html?lid=8mYmHqsyIo7.search.296&securityId=1SDaOu1F_icJ6-H1ItgipfTwfJVDh_rGHfn4s16WGMyKDa32innThokDAlAzHY12PszwWCa9zbOGuSJS9D8Vuc61djczgl1h0ZQyeFHHBZgKF0Cd3ag~&sessionId=
少儿编程老师（双休）,广州・越秀区・东风东,卡沃科技教育,6-9K,大专,培训机构,https://www.zhipin.com/job_detail/624c39658f49e9a11XB_0967F1dQ.html?lid=8mYmHqsyIo7.search.297&securityId=hh2Lo2l1eHilU-G1lHavmQYvEE2uv8_hzVUrunX8W6ynBlIpY06eiAUG86n3QkpF7dc9PB-lUkr96R3htZ4yGtnay3DpbrmNzTmaINlsq7JDzTf0oQ~~&sessionId=
Linux技术支持工程师,广州・天河区・天河北,北京神州立诚,5-8K,大专,计算机软件,https://www.zhipin.com/job_detail/1935d8a2aa8ea0201XN939W_Elc~.html?lid=8mYmHqsyIo7.search.298&securityId=SFOrxpHIpGHhr-51bYRMZzEkiTZFpMWAUTTbrsyS_n9Xk0SfrsqN080e8xlxbQoyIZADe44pciMebEZe-UHPnC_uvG3wGI5LfMAFj2uvil90N7NJ&sessionId=
iOS开发工程师,广州・天河区・棠下,广州火树网络科技,14-25K,大专,游戏,https://www.zhipin.com/job_detail/49624c2b021378661XV82Nu1E1pQ.html?lid=8mYmHqsyIo7.search.299&securityId=dS1TeNPUe2sEZ-j1_Q-QmrOfDkAe4Cmj0PXaWfbR5HR2NagR9xq8MP-ej3SJJBckNOaOuT3x9ltK6MoN_QXjokLvf2hUDZkmK98aEjxNmJapU3XWkz9d29dogaPMaQnFr3BPRJJewyoD6gTMKFtH&sessionId=
SOC配置管理工程师,广州・黄埔区・科学城,新华三技术有限公司,15-30K・14薪,本科,计算机软件,https://www.zhipin.com/job_detail/40e342965baf95021XF-3d-9FFFX.html?lid=8mYmHqsyIo7.search.300&securityId=PT4OjHGsro7U1-41MSdUAFIdSXMBWM7-SAbhf83_vvwbwI2Jxtagph1co1U89LTxe08ETy8WsMXBdICJdnVV8ItBV7N_qg5yAvafaszgIUcpK4H4&sessionId=
爬虫开发工程师,广州・黄埔区・黄村,龙席网络,10-20K,本科,互联网,https://www.zhipin.com/job_detail/d25abc127dafc3a51XZ93d-8EVQ~.html?lid=8mYmHqsyIo7.search.271&securityId=QYY6-bpB8e031-r1wdxnYx1ywbGKeHop1pk3k_IkqU09qX2HlrjX62MkkSdSQjn88uRAtAYZnt54eXMooERMhOTGl1Iy9j1aHvk14ZiWHjO1&sessionId=
视频AI工程师,广州・天河区・岗顶,广州又一城网络科技,11-20K・13薪,本科,移动互联网,https://www.zhipin.com/job_detail/aab297a86432453a1XV_2Ny1GFFS.html?lid=8mYmHqsyIo7.search.272&securityId=lFNOcb6edbHpF-P1sYlKDDmD4Ad9nq45exVGfgKj1gfIv7rs2bu3qV0LFhJmTRsqqbXnt6ysviizOIPYEjmUtbQqs5G_IQVIu8zNV4tDPxo4I9XyoB6l&sessionId=
RPA实施开发工程师,广州・海珠区・琶洲,奔腾达,6-11K,本科,计算机服务,https://www.zhipin.com/job_detail/154451f435585fcd1nF73t-0FFdW.html?lid=8mYmHqsyIo7.search.273&securityId=hQqYd7Q3WS0CH-f1iJlYkXsYYk16pGNo6fgu_17nyeqxtP1CXBetTekV8XcnxjB3--0yiKWy0LhVIPjVJhQLn5wXp6wSKtBYnvamkYlDwAAZuObqxA~~&sessionId=
自动化软件工程师,广州・黄埔区・科学城,广州呈源,11-22K,本科,医疗/护理/卫生,https://www.zhipin.com/job_detail/2dcc026d1d2c85b61nx_3Nq8FVNY.html?lid=8mYmHqsyIo7.search.274&securityId=jpT4RLvbZ5k1g-v1I6agLEQem1krjxCWliKY6EXCH-hJAZ9Dj7RCx_J9Uu6r_bo4KdwShIaqs3b001_Q-R8iHAiPNm07fSSkS2BJB7vnxyKWiaVUl4I~&sessionId=
PRA工程师,广州・白云区・黄石,臣信电商,7-10K,本科,互联网,https://www.zhipin.com/job_detail/b8ac9fc74055a9831XR-3dm4GFdV.html?lid=8mYmHqsyIo7.search.275&securityId=JohOo5mvcFIWC-J1lO3yFlNMxIO3ymY-mkxxk5TygC0XTaeA0ral9R3giQ4FDI-plNkZ0e4O_ZNHc3oJu9jOf-ZXOcZlfNNYEYKpfO7Ei0qJDRRc&sessionId=
棋牌服务端开发工程师,广州・天河区・高唐,网易游戏,13-17K・14薪,本科,游戏,https://www.zhipin.com/job_detail/abf14524cc599af41XZz0ty6EFpY.html?lid=8mYmHqsyIo7.search.276&securityId=oNss9s8WpnjoQ-P1wj2byjRX--EDRbG_pDTC22z5nKEVSDbT8bHZ3rtyr0jgUctEdoQbuSCCwRwdTANXFuvqTVTYj79726mUANIwFsuRBf9KT2IVEsSacmir3pLj6QsByAhaPaFWkvlyTArh5K26pw8~&sessionId=
动画TD,广州・南沙区・黄阁,奥北动画,15-20K,学历不限,广播/影视,https://www.zhipin.com/job_detail/96d3a77b46c75d8b1XR639q7F1VR.html?lid=8mYmHqsyIo7.search.277&securityId=0OBDgyrIMlt8P-H1XQSiI296CFJrCCJqT-V5xHjDCt6_xM7haPsaI6ppfZQhdu_A55EE5Mlr_JAihO275iio_cRYGbRGpRPCvruSctEGZcN3se4XGMs~&sessionId=
RPA开发工程师,广州・越秀区・海珠广场,妙思,8-13K・13薪,大专,互联网,https://www.zhipin.com/job_detail/eb09002c01fd797e1nN63dS5FFRU.html?lid=8mYmHqsyIo7.search.278&securityId=YfbiBG7LK6R7o-m1T9jN3zQ4SaedcJAZDRxDUPr9ed1LRaIxX0l3zF2-4tcXed_nf1vD4aY50V3Dhxo4pjcSUyt6Ope1iGaxKo7WS16E&sessionId=
区块链开发工程师,广州・天河区・珠江新城,信维股份,15-20K,本科,计算机硬件,https://www.zhipin.com/job_detail/2474d193b233b8dd1nx82dW9E1RU.html?lid=8mYmHqsyIo7.search.279&securityId=ZLfr7qZs-j1hN-M1rzXucYBbTkmEa6SnCHiPJBdm1nCq_t3sy2TTwj5t_P7o_2K6B5V1GjfS2KxuOESpDpJ7s_u8Mtf1ghGBHuOEXaRz3zL65ULndg~~&sessionId=
服务器资深开发工程师,广州・天河区・冼村,当红,20-30K・16薪,本科,电子商务,https://www.zhipin.com/job_detail/b42b5a999e51817b03R_09i_EVc~.html?lid=8mYmHqsyIo7.search.280&securityId=yjuYsDhHxj9Xw-_1DC2PJGxxXaa1vura5agNBOEWnRU2_tZPAH6SVwQDmkcdjTzb9TcDnbw0xWYZaYsAZfs1Nhff3g3l4P9lPVXm27F0o_jZzhrx&sessionId=
少儿编程课研经理,广州・番禺区・长隆,今之港,10-15K,本科,在线教育,https://www.zhipin.com/job_detail/b112ff7a2dd545911XF_3d6-EFtV.html?lid=8mYmHqsyIo7.search.281&securityId=iPaJdLdc8QAXQ-B1dutHKdMa4ERWEkVCZuCPMhOditwSdT6OrlNvroT4S2zEWqbENNWg1LQueWxygf2ufHxpP_vl-epHiu4dW8MxR4yjceb652znCiJKCOj2jzdg0RY73Gp20I0KccyztHbLBqbL&sessionId=
数据挖掘,广州・天河区・冼村,中康数字科技有限公司,14-24K・14薪,本科,医疗健康,https://www.zhipin.com/job_detail/a0bce7ae54b9a2dc1XZ639m8EFdR.html?lid=8mYmHqsyIo7.search.282&securityId=psiqM4ZXyTP7j-h1RK23cWsEzHUWGLQHBt-a215tv42024z0gutXQ4N_PlFTlBOmcwDN_ThR2inzGFJXbExD7HK2TSDJTkKMxn6xU9-d9CSTachk7yw~&sessionId=
AI算法工程师,广州・越秀区・黄花岗,中科股份,20-30K,本科,企业服务,https://www.zhipin.com/job_detail/9164cd01188e9a4d1X1y09W9EFI~.html?lid=8mYmHqsyIo7.search.283&securityId=kR34MHZLY3G7a-V1M6Xp1ZyWap59YBZ7lFaP7FQc1ASfo5RZMWfe2D1WJsfWBkGo_Ce_TKkSpp8OTm5nzfCKKQrvLttkXHJhvnaYAlMvyOZfqY4~&sessionId=
技术美术（Tools&Pipeline),广州・海珠区・琶洲,今日头条,25-50K・15薪,本科,移动互联网,https://www.zhipin.com/job_detail/900d2d2e1d4ab5d01XF63dS7GVJY.html?lid=8mYmHqsyIo7.search.284&securityId=yKi2a2_PLJ2HQ-417MiX0GYt40vouNt4y6XbFiwjrnumYPZTWW1_kGPC0PFTR16lpIA_3Z09iYjRWoxSzwqVSuPoLewVM0buIII7DDtKBaWeIE0~&sessionId=
算法工程师（智能汽车工程师/Slam工程师）,广州・黄埔区・科学城,易飒智能科技,14-22K,本科,智能硬件,https://www.zhipin.com/job_detail/6efa85a07e9f10611n183ti8GVdX.html?lid=8mYmHqsyIo7.search.285&securityId=voszt9xoea0Pg-C1dE9sGA-XeR0tzB96bW_Y17iJFdJdqAtfEmkPKABONGEYcXt32UqfBVeuJC_WlmHoloioIEK4Gpd62JXeMTqGwtglpHIE_1FB1A~~&sessionId=
研发效能开发工程师,广州・海珠区・客村,腾讯,20-30K,本科,互联网,https://www.zhipin.com/job_detail/7321213ea28f12061nF809m7EFBS.html?lid=8mYmHqsyIo7.search.286&securityId=WyfFqeYBZGIVN-P1hDHMRFneqnnThMLZ2d0eXemXvPH1hf8F_mU_JYsVPcpPzZ-WCx1FTKam_NyTdBd-a-Xn39aD1T9XTo3Ad4O7h4ILHfcyL5Ct2CiW&sessionId=
高级java开发工程师（南航驻场）,广州・白云区・机场路,绛门科技,18-19K,大专,计算机软件,https://www.zhipin.com/job_detail/e49ac53f936a680a1XR-09u9F1VR.html?lid=8mYmHqsyIo7.search.287&securityId=sGxjQKcITP-6o-31WZ6lDExua8XDS1Wbi8JFF60SpHpphM7MYa4q4TmTUh5BJr6a9e0E3LUJlBN2f0dGBkrba7uLXerb0tsX5oofFUOhylr0lfFS&sessionId=
少儿编程教师,广州・白云区・石井,起跑线教育培训,5-10K,学历不限,培训机构,https://www.zhipin.com/job_detail/49890fbe9ac051381XB60924FlBT.html?lid=8mYmHqsyIo7.search.288&securityId=UieuNj8xBszgi-f1ggd7Epp1E77JH4qd-D0i8t5fqFgIhHJ6IQjWJpYIAM_YTiSNQ5AclTBcHPUMk_zq5WWC6yooW6Y_KjpzWnbP8r2Jz4Jt50BhKg~~&sessionId=
数据处理实习生,广州・越秀区・建设路,精诚合创,120-130元/天,3个月,企业服务,https://www.zhipin.com/job_detail/80313d63907a1a061XR_3dS6FldX.html?lid=8mYmHqsyIo7.search.289&securityId=nBfQAmmlXO7mC-j1uPu588_1OSkmZlib9BfWpaP_s6PFchu5ZLhQ1i9mJJkARqHv2BNMiS0D_Qbfo2s-biAfdLEhKVSndcudHREy5rHFCWYJhH-4oA~~&sessionId=
RPA实施工程师,广州・天河区・天河客运站,分叉智能科技,9-14K・15薪,本科,计算机软件,https://www.zhipin.com/job_detail/e64a40bb31ee9db61XBy3ty8FVRY.html?lid=8mYmHqsyIo7.search.290&securityId=NHULxA42lojLq-w1xdI4qfzz8120K0_V2A7opa9g0OAxHt3QEzF_qFLQFQIqHPUPEvFZW6q2HavS3ptrcnoXhtwrebt5V6hFXSn50vteCShhdKFZ8g~~&sessionId=
AI产品经理,广州・天河区・体育中心,广州万隆,8-12K,硕士,证券/期货,https://www.zhipin.com/job_detail/c78e7419239b02101XJ52t6-EVFU.html?lid=8mYmHqsyIo7.search.291&securityId=SvGQWDToS4TBL-81-RoEHybX6ZH0AW57bdJ8OS6kpOxZE-9V5a5kyBO6td4KDG3a36XH46dmv0XN9jrgXnMwIZ3y7VCpj5bPDZ0Lah0nDe9sIXZs3g~~&sessionId=
专利工程师(通信）,广州・越秀区・沿江路,北京博思佳,7-10K・13薪,本科,专利/商标/知识产权,https://www.zhipin.com/job_detail/9bb37c224fa065091XVz3dW-F1tT.html?lid=8mYmHqsyIo7.search.292&securityId=RCzVoxMpQD9H4-K1UdC9cN6xAa7KCes5gmmr0NIS2AuCyoOkE5Qas0_nJCKGOZb_gto6b2BPz4MVxxwBekwP6eYrPzMr3JrQ_D1rLsgij3LFsXuqBXBXf54Do1TTulJvsVzN99a-l_qWV_uHVMe29w~~&sessionId=
中级系统工程师,广州・黄埔区・中心城,尚航科技,8-13K・13薪,大专,数据服务,https://www.zhipin.com/job_detail/9c3a79ed33990ac11Xdz29i_GVNT.html?lid=8mYmHqsyIo7.search.293&securityId=TBxr2Ax3un9Qy-W1za6ivJOO4UQhZtSExn3c4mnrWl86uvplZtoTz8JDGET90yTbQlYntAoHBnIUEOhUs4ZcIrSJ1DITvS5pXYa3S1tiW2cZ8rML&sessionId=
数据开发工程师,广州・天河区・岑村,德勤,12-24K,本科,咨询,https://www.zhipin.com/job_detail/bb42cbe238833f131XZz39q1GVRS.html?lid=8mYmHqsyIo7.search.294&securityId=LN_09weZRmS1F-P1sE6l60bTRerGodwobWQsO9ZJlKiftV3lWUo0eqCs-77LESLr8hI1NJ0ojMJCK9SA8RYHO9EzmaerjIUkMRDniFkb2MQAGCoUiVMU&sessionId=
数据分析师,广州・海珠区・新港西路沿线,云墨数字,10-15K,大专,广告/公关/会展,https://www.zhipin.com/job_detail/cbb533e23a5dd50d1XBz2dq_GFVQ.html?lid=8mYmHqsyIo7.search.295&securityId=vrpzgV1Q1wHBV-21NFT6k0eWyS2vaJkrQ5jr2ULhMDl3AQVWLlPcQydWGvGHIwTw0bbOT7EQWrq8NQI6lcC_0ryoSCF2t_xdD8pOWLakIlLL_7CvZE3S&sessionId=
游戏服务器开发工程师 (MJ000140),广州・南沙区・南沙区府,宸境,30-60K・13薪,本科,计算机软件,https://www.zhipin.com/job_detail/95ae59dcacb765b51XVz3d67GFNW.html?lid=8mYmHqsyIo7.search.296&securityId=1SDaOu1F_icJ6-H1ItgipfTwfJVDh_rGHfn4s16WGMyKDa32innThokDAlAzHY12PszwWCa9zbOGuSJS9D8Vuc61djczgl1h0ZQyeFHHBZgKF0Cd3ag~&sessionId=
少儿编程老师（双休）,广州・越秀区・东风东,卡沃科技教育,6-9K,大专,培训机构,https://www.zhipin.com/job_detail/624c39658f49e9a11XB_0967F1dQ.html?lid=8mYmHqsyIo7.search.297&securityId=hh2Lo2l1eHilU-G1lHavmQYvEE2uv8_hzVUrunX8W6ynBlIpY06eiAUG86n3QkpF7dc9PB-lUkr96R3htZ4yGtnay3DpbrmNzTmaINlsq7JDzTf0oQ~~&sessionId=
Linux技术支持工程师,广州・天河区・天河北,北京神州立诚,5-8K,大专,计算机软件,https://www.zhipin.com/job_detail/1935d8a2aa8ea0201XN939W_Elc~.html?lid=8mYmHqsyIo7.search.298&securityId=SFOrxpHIpGHhr-51bYRMZzEkiTZFpMWAUTTbrsyS_n9Xk0SfrsqN080e8xlxbQoyIZADe44pciMebEZe-UHPnC_uvG3wGI5LfMAFj2uvil90N7NJ&sessionId=
iOS开发工程师,广州・天河区・棠下,广州火树网络科技,14-25K,大专,游戏,https://www.zhipin.com/job_detail/49624c2b021378661XV82Nu1E1pQ.html?lid=8mYmHqsyIo7.search.299&securityId=dS1TeNPUe2sEZ-j1_Q-QmrOfDkAe4Cmj0PXaWfbR5HR2NagR9xq8MP-ej3SJJBckNOaOuT3x9ltK6MoN_QXjokLvf2hUDZkmK98aEjxNmJapU3XWkz9d29dogaPMaQnFr3BPRJJewyoD6gTMKFtH&sessionId=
SOC配置管理工程师,广州・黄埔区・科学城,新华三技术有限公司,15-30K・14薪,本科,计算机软件,https://www.zhipin.com/job_detail/40e342965baf95021XF-3d-9FFFX.html?lid=8mYmHqsyIo7.search.300&securityId=PT4OjHGsro7U1-41MSdUAFIdSXMBWM7-SAbhf83_vvwbwI2Jxtagph1co1U89LTxe08ETy8WsMXBdICJdnVV8ItBV7N_qg5yAvafaszgIUcpK4H4&sessionId=
爬虫开发工程师,广州・黄埔区・黄村,龙席网络,10-20K,本科,互联网,https://www.zhipin.com/job_detail/d25abc127dafc3a51XZ93d-8EVQ~.html?lid=8mYmHqsyIo7.search.271&securityId=QYY6-bpB8e031-r1wdxnYx1ywbGKeHop1pk3k_IkqU09qX2HlrjX62MkkSdSQjn88uRAtAYZnt54eXMooERMhOTGl1Iy9j1aHvk14ZiWHjO1&sessionId=
视频AI工程师,广州・天河区・岗顶,广州又一城网络科技,11-20K・13薪,本科,移动互联网,https://www.zhipin.com/job_detail/aab297a86432453a1XV_2Ny1GFFS.html?lid=8mYmHqsyIo7.search.272&securityId=lFNOcb6edbHpF-P1sYlKDDmD4Ad9nq45exVGfgKj1gfIv7rs2bu3qV0LFhJmTRsqqbXnt6ysviizOIPYEjmUtbQqs5G_IQVIu8zNV4tDPxo4I9XyoB6l&sessionId=
RPA实施开发工程师,广州・海珠区・琶洲,奔腾达,6-11K,本科,计算机服务,https://www.zhipin.com/job_detail/154451f435585fcd1nF73t-0FFdW.html?lid=8mYmHqsyIo7.search.273&securityId=hQqYd7Q3WS0CH-f1iJlYkXsYYk16pGNo6fgu_17nyeqxtP1CXBetTekV8XcnxjB3--0yiKWy0LhVIPjVJhQLn5wXp6wSKtBYnvamkYlDwAAZuObqxA~~&sessionId=
自动化软件工程师,广州・黄埔区・科学城,广州呈源,11-22K,本科,医疗/护理/卫生,https://www.zhipin.com/job_detail/2dcc026d1d2c85b61nx_3Nq8FVNY.html?lid=8mYmHqsyIo7.search.274&securityId=jpT4RLvbZ5k1g-v1I6agLEQem1krjxCWliKY6EXCH-hJAZ9Dj7RCx_J9Uu6r_bo4KdwShIaqs3b001_Q-R8iHAiPNm07fSSkS2BJB7vnxyKWiaVUl4I~&sessionId=
PRA工程师,广州・白云区・黄石,臣信电商,7-10K,本科,互联网,https://www.zhipin.com/job_detail/b8ac9fc74055a9831XR-3dm4GFdV.html?lid=8mYmHqsyIo7.search.275&securityId=JohOo5mvcFIWC-J1lO3yFlNMxIO3ymY-mkxxk5TygC0XTaeA0ral9R3giQ4FDI-plNkZ0e4O_ZNHc3oJu9jOf-ZXOcZlfNNYEYKpfO7Ei0qJDRRc&sessionId=
棋牌服务端开发工程师,广州・天河区・高唐,网易游戏,13-17K・14薪,本科,游戏,https://www.zhipin.com/job_detail/abf14524cc599af41XZz0ty6EFpY.html?lid=8mYmHqsyIo7.search.276&securityId=oNss9s8WpnjoQ-P1wj2byjRX--EDRbG_pDTC22z5nKEVSDbT8bHZ3rtyr0jgUctEdoQbuSCCwRwdTANXFuvqTVTYj79726mUANIwFsuRBf9KT2IVEsSacmir3pLj6QsByAhaPaFWkvlyTArh5K26pw8~&sessionId=
动画TD,广州・南沙区・黄阁,奥北动画,15-20K,学历不限,广播/影视,https://www.zhipin.com/job_detail/96d3a77b46c75d8b1XR639q7F1VR.html?lid=8mYmHqsyIo7.search.277&securityId=0OBDgyrIMlt8P-H1XQSiI296CFJrCCJqT-V5xHjDCt6_xM7haPsaI6ppfZQhdu_A55EE5Mlr_JAihO275iio_cRYGbRGpRPCvruSctEGZcN3se4XGMs~&sessionId=
RPA开发工程师,广州・越秀区・海珠广场,妙思,8-13K・13薪,大专,互联网,https://www.zhipin.com/job_detail/eb09002c01fd797e1nN63dS5FFRU.html?lid=8mYmHqsyIo7.search.278&securityId=YfbiBG7LK6R7o-m1T9jN3zQ4SaedcJAZDRxDUPr9ed1LRaIxX0l3zF2-4tcXed_nf1vD4aY50V3Dhxo4pjcSUyt6Ope1iGaxKo7WS16E&sessionId=
区块链开发工程师,广州・天河区・珠江新城,信维股份,15-20K,本科,计算机硬件,https://www.zhipin.com/job_detail/2474d193b233b8dd1nx82dW9E1RU.html?lid=8mYmHqsyIo7.search.279&securityId=ZLfr7qZs-j1hN-M1rzXucYBbTkmEa6SnCHiPJBdm1nCq_t3sy2TTwj5t_P7o_2K6B5V1GjfS2KxuOESpDpJ7s_u8Mtf1ghGBHuOEXaRz3zL65ULndg~~&sessionId=
服务器资深开发工程师,广州・天河区・冼村,当红,20-30K・16薪,本科,电子商务,https://www.zhipin.com/job_detail/b42b5a999e51817b03R_09i_EVc~.html?lid=8mYmHqsyIo7.search.280&securityId=yjuYsDhHxj9Xw-_1DC2PJGxxXaa1vura5agNBOEWnRU2_tZPAH6SVwQDmkcdjTzb9TcDnbw0xWYZaYsAZfs1Nhff3g3l4P9lPVXm27F0o_jZzhrx&sessionId=
少儿编程课研经理,广州・番禺区・长隆,今之港,10-15K,本科,在线教育,https://www.zhipin.com/job_detail/b112ff7a2dd545911XF_3d6-EFtV.html?lid=8mYmHqsyIo7.search.281&securityId=iPaJdLdc8QAXQ-B1dutHKdMa4ERWEkVCZuCPMhOditwSdT6OrlNvroT4S2zEWqbENNWg1LQueWxygf2ufHxpP_vl-epHiu4dW8MxR4yjceb652znCiJKCOj2jzdg0RY73Gp20I0KccyztHbLBqbL&sessionId=
数据挖掘,广州・天河区・冼村,中康数字科技有限公司,14-24K・14薪,本科,医疗健康,https://www.zhipin.com/job_detail/a0bce7ae54b9a2dc1XZ639m8EFdR.html?lid=8mYmHqsyIo7.search.282&securityId=psiqM4ZXyTP7j-h1RK23cWsEzHUWGLQHBt-a215tv42024z0gutXQ4N_PlFTlBOmcwDN_ThR2inzGFJXbExD7HK2TSDJTkKMxn6xU9-d9CSTachk7yw~&sessionId=
AI算法工程师,广州・越秀区・黄花岗,中科股份,20-30K,本科,企业服务,https://www.zhipin.com/job_detail/9164cd01188e9a4d1X1y09W9EFI~.html?lid=8mYmHqsyIo7.search.283&securityId=kR34MHZLY3G7a-V1M6Xp1ZyWap59YBZ7lFaP7FQc1ASfo5RZMWfe2D1WJsfWBkGo_Ce_TKkSpp8OTm5nzfCKKQrvLttkXHJhvnaYAlMvyOZfqY4~&sessionId=
技术美术（Tools&Pipeline),广州・海珠区・琶洲,今日头条,25-50K・15薪,本科,移动互联网,https://www.zhipin.com/job_detail/900d2d2e1d4ab5d01XF63dS7GVJY.html?lid=8mYmHqsyIo7.search.284&securityId=yKi2a2_PLJ2HQ-417MiX0GYt40vouNt4y6XbFiwjrnumYPZTWW1_kGPC0PFTR16lpIA_3Z09iYjRWoxSzwqVSuPoLewVM0buIII7DDtKBaWeIE0~&sessionId=
算法工程师（智能汽车工程师/Slam工程师）,广州・黄埔区・科学城,易飒智能科技,14-22K,本科,智能硬件,https://www.zhipin.com/job_detail/6efa85a07e9f10611n183ti8GVdX.html?lid=8mYmHqsyIo7.search.285&securityId=voszt9xoea0Pg-C1dE9sGA-XeR0tzB96bW_Y17iJFdJdqAtfEmkPKABONGEYcXt32UqfBVeuJC_WlmHoloioIEK4Gpd62JXeMTqGwtglpHIE_1FB1A~~&sessionId=
研发效能开发工程师,广州・海珠区・客村,腾讯,20-30K,本科,互联网,https://www.zhipin.com/job_detail/7321213ea28f12061nF809m7EFBS.html?lid=8mYmHqsyIo7.search.286&securityId=WyfFqeYBZGIVN-P1hDHMRFneqnnThMLZ2d0eXemXvPH1hf8F_mU_JYsVPcpPzZ-WCx1FTKam_NyTdBd-a-Xn39aD1T9XTo3Ad4O7h4ILHfcyL5Ct2CiW&sessionId=
高级java开发工程师（南航驻场）,广州・白云区・机场路,绛门科技,18-19K,大专,计算机软件,https://www.zhipin.com/job_detail/e49ac53f936a680a1XR-09u9F1VR.html?lid=8mYmHqsyIo7.search.287&securityId=sGxjQKcITP-6o-31WZ6lDExua8XDS1Wbi8JFF60SpHpphM7MYa4q4TmTUh5BJr6a9e0E3LUJlBN2f0dGBkrba7uLXerb0tsX5oofFUOhylr0lfFS&sessionId=
少儿编程教师,广州・白云区・石井,起跑线教育培训,5-10K,学历不限,培训机构,https://www.zhipin.com/job_detail/49890fbe9ac051381XB60924FlBT.html?lid=8mYmHqsyIo7.search.288&securityId=UieuNj8xBszgi-f1ggd7Epp1E77JH4qd-D0i8t5fqFgIhHJ6IQjWJpYIAM_YTiSNQ5AclTBcHPUMk_zq5WWC6yooW6Y_KjpzWnbP8r2Jz4Jt50BhKg~~&sessionId=
数据处理实习生,广州・越秀区・建设路,精诚合创,120-130元/天,3个月,企业服务,https://www.zhipin.com/job_detail/80313d63907a1a061XR_3dS6FldX.html?lid=8mYmHqsyIo7.search.289&securityId=nBfQAmmlXO7mC-j1uPu588_1OSkmZlib9BfWpaP_s6PFchu5ZLhQ1i9mJJkARqHv2BNMiS0D_Qbfo2s-biAfdLEhKVSndcudHREy5rHFCWYJhH-4oA~~&sessionId=
RPA实施工程师,广州・天河区・天河客运站,分叉智能科技,9-14K・15薪,本科,计算机软件,https://www.zhipin.com/job_detail/e64a40bb31ee9db61XBy3ty8FVRY.html?lid=8mYmHqsyIo7.search.290&securityId=NHULxA42lojLq-w1xdI4qfzz8120K0_V2A7opa9g0OAxHt3QEzF_qFLQFQIqHPUPEvFZW6q2HavS3ptrcnoXhtwrebt5V6hFXSn50vteCShhdKFZ8g~~&sessionId=
AI产品经理,广州・天河区・体育中心,广州万隆,8-12K,硕士,证券/期货,https://www.zhipin.com/job_detail/c78e7419239b02101XJ52t6-EVFU.html?lid=8mYmHqsyIo7.search.291&securityId=SvGQWDToS4TBL-81-RoEHybX6ZH0AW57bdJ8OS6kpOxZE-9V5a5kyBO6td4KDG3a36XH46dmv0XN9jrgXnMwIZ3y7VCpj5bPDZ0Lah0nDe9sIXZs3g~~&sessionId=
专利工程师(通信）,广州・越秀区・沿江路,北京博思佳,7-10K・13薪,本科,专利/商标/知识产权,https://www.zhipin.com/job_detail/9bb37c224fa065091XVz3dW-F1tT.html?lid=8mYmHqsyIo7.search.292&securityId=RCzVoxMpQD9H4-K1UdC9cN6xAa7KCes5gmmr0NIS2AuCyoOkE5Qas0_nJCKGOZb_gto6b2BPz4MVxxwBekwP6eYrPzMr3JrQ_D1rLsgij3LFsXuqBXBXf54Do1TTulJvsVzN99a-l_qWV_uHVMe29w~~&sessionId=
中级系统工程师,广州・黄埔区・中心城,尚航科技,8-13K・13薪,大专,数据服务,https://www.zhipin.com/job_detail/9c3a79ed33990ac11Xdz29i_GVNT.html?lid=8mYmHqsyIo7.search.293&securityId=TBxr2Ax3un9Qy-W1za6ivJOO4UQhZtSExn3c4mnrWl86uvplZtoTz8JDGET90yTbQlYntAoHBnIUEOhUs4ZcIrSJ1DITvS5pXYa3S1tiW2cZ8rML&sessionId=
数据开发工程师,广州・天河区・岑村,德勤,12-24K,本科,咨询,https://www.zhipin.com/job_detail/bb42cbe238833f131XZz39q1GVRS.html?lid=8mYmHqsyIo7.search.294&securityId=LN_09weZRmS1F-P1sE6l60bTRerGodwobWQsO9ZJlKiftV3lWUo0eqCs-77LESLr8hI1NJ0ojMJCK9SA8RYHO9EzmaerjIUkMRDniFkb2MQAGCoUiVMU&sessionId=
数据分析师,广州・海珠区・新港西路沿线,云墨数字,10-15K,大专,广告/公关/会展,https://www.zhipin.com/job_detail/cbb533e23a5dd50d1XBz2dq_GFVQ.html?lid=8mYmHqsyIo7.search.295&securityId=vrpzgV1Q1wHBV-21NFT6k0eWyS2vaJkrQ5jr2ULhMDl3AQVWLlPcQydWGvGHIwTw0bbOT7EQWrq8NQI6lcC_0ryoSCF2t_xdD8pOWLakIlLL_7CvZE3S&sessionId=
游戏服务器开发工程师 (MJ000140),广州・南沙区・南沙区府,宸境,30-60K・13薪,本科,计算机软件,https://www.zhipin.com/job_detail/95ae59dcacb765b51XVz3d67GFNW.html?lid=8mYmHqsyIo7.search.296&securityId=1SDaOu1F_icJ6-H1ItgipfTwfJVDh_rGHfn4s16WGMyKDa32innThokDAlAzHY12PszwWCa9zbOGuSJS9D8Vuc61djczgl1h0ZQyeFHHBZgKF0Cd3ag~&sessionId=
少儿编程老师（双休）,广州・越秀区・东风东,卡沃科技教育,6-9K,大专,培训机构,https://www.zhipin.com/job_detail/624c39658f49e9a11XB_0967F1dQ.html?lid=8mYmHqsyIo7.search.297&securityId=hh2Lo2l1eHilU-G1lHavmQYvEE2uv8_hzVUrunX8W6ynBlIpY06eiAUG86n3QkpF7dc9PB-lUkr96R3htZ4yGtnay3DpbrmNzTmaINlsq7JDzTf0oQ~~&sessionId=
Linux技术支持工程师,广州・天河区・天河北,北京神州立诚,5-8K,大专,计算机软件,https://www.zhipin.com/job_detail/1935d8a2aa8ea0201XN939W_Elc~.html?lid=8mYmHqsyIo7.search.298&securityId=SFOrxpHIpGHhr-51bYRMZzEkiTZFpMWAUTTbrsyS_n9Xk0SfrsqN080e8xlxbQoyIZADe44pciMebEZe-UHPnC_uvG3wGI5LfMAFj2uvil90N7NJ&sessionId=
iOS开发工程师,广州・天河区・棠下,广州火树网络科技,14-25K,大专,游戏,https://www.zhipin.com/job_detail/49624c2b021378661XV82Nu1E1pQ.html?lid=8mYmHqsyIo7.search.299&securityId=dS1TeNPUe2sEZ-j1_Q-QmrOfDkAe4Cmj0PXaWfbR5HR2NagR9xq8MP-ej3SJJBckNOaOuT3x9ltK6MoN_QXjokLvf2hUDZkmK98aEjxNmJapU3XWkz9d29dogaPMaQnFr3BPRJJewyoD6gTMKFtH&sessionId=
SOC配置管理工程师,广州・黄埔区・科学城,新华三技术有限公司,15-30K・14薪,本科,计算机软件,https://www.zhipin.com/job_detail/40e342965baf95021XF-3d-9FFFX.html?lid=8mYmHqsyIo7.search.300&securityId=PT4OjHGsro7U1-41MSdUAFIdSXMBWM7-SAbhf83_vvwbwI2Jxtagph1co1U89LTxe08ETy8WsMXBdICJdnVV8ItBV7N_qg5yAvafaszgIUcpK4H4&sessionId=
爬虫开发工程师,广州・黄埔区・黄村,龙席网络,10-20K,本科,互联网,https://www.zhipin.com/job_detail/d25abc127dafc3a51XZ93d-8EVQ~.html?lid=8mYmHqsyIo7.search.271&securityId=QYY6-bpB8e031-r1wdxnYx1ywbGKeHop1pk3k_IkqU09qX2HlrjX62MkkSdSQjn88uRAtAYZnt54eXMooERMhOTGl1Iy9j1aHvk14ZiWHjO1&sessionId=
视频AI工程师,广州・天河区・岗顶,广州又一城网络科技,11-20K・13薪,本科,移动互联网,https://www.zhipin.com/job_detail/aab297a86432453a1XV_2Ny1GFFS.html?lid=8mYmHqsyIo7.search.272&securityId=lFNOcb6edbHpF-P1sYlKDDmD4Ad9nq45exVGfgKj1gfIv7rs2bu3qV0LFhJmTRsqqbXnt6ysviizOIPYEjmUtbQqs5G_IQVIu8zNV4tDPxo4I9XyoB6l&sessionId=
RPA实施开发工程师,广州・海珠区・琶洲,奔腾达,6-11K,本科,计算机服务,https://www.zhipin.com/job_detail/154451f435585fcd1nF73t-0FFdW.html?lid=8mYmHqsyIo7.search.273&securityId=hQqYd7Q3WS0CH-f1iJlYkXsYYk16pGNo6fgu_17nyeqxtP1CXBetTekV8XcnxjB3--0yiKWy0LhVIPjVJhQLn5wXp6wSKtBYnvamkYlDwAAZuObqxA~~&sessionId=
自动化软件工程师,广州・黄埔区・科学城,广州呈源,11-22K,本科,医疗/护理/卫生,https://www.zhipin.com/job_detail/2dcc026d1d2c85b61nx_3Nq8FVNY.html?lid=8mYmHqsyIo7.search.274&securityId=jpT4RLvbZ5k1g-v1I6agLEQem1krjxCWliKY6EXCH-hJAZ9Dj7RCx_J9Uu6r_bo4KdwShIaqs3b001_Q-R8iHAiPNm07fSSkS2BJB7vnxyKWiaVUl4I~&sessionId=
PRA工程师,广州・白云区・黄石,臣信电商,7-10K,本科,互联网,https://www.zhipin.com/job_detail/b8ac9fc74055a9831XR-3dm4GFdV.html?lid=8mYmHqsyIo7.search.275&securityId=JohOo5mvcFIWC-J1lO3yFlNMxIO3ymY-mkxxk5TygC0XTaeA0ral9R3giQ4FDI-plNkZ0e4O_ZNHc3oJu9jOf-ZXOcZlfNNYEYKpfO7Ei0qJDRRc&sessionId=
棋牌服务端开发工程师,广州・天河区・高唐,网易游戏,13-17K・14薪,本科,游戏,https://www.zhipin.com/job_detail/abf14524cc599af41XZz0ty6EFpY.html?lid=8mYmHqsyIo7.search.276&securityId=oNss9s8WpnjoQ-P1wj2byjRX--EDRbG_pDTC22z5nKEVSDbT8bHZ3rtyr0jgUctEdoQbuSCCwRwdTANXFuvqTVTYj79726mUANIwFsuRBf9KT2IVEsSacmir3pLj6QsByAhaPaFWkvlyTArh5K26pw8~&sessionId=
动画TD,广州・南沙区・黄阁,奥北动画,15-20K,学历不限,广播/影视,https://www.zhipin.com/job_detail/96d3a77b46c75d8b1XR639q7F1VR.html?lid=8mYmHqsyIo7.search.277&securityId=0OBDgyrIMlt8P-H1XQSiI296CFJrCCJqT-V5xHjDCt6_xM7haPsaI6ppfZQhdu_A55EE5Mlr_JAihO275iio_cRYGbRGpRPCvruSctEGZcN3se4XGMs~&sessionId=
RPA开发工程师,广州・越秀区・海珠广场,妙思,8-13K・13薪,大专,互联网,https://www.zhipin.com/job_detail/eb09002c01fd797e1nN63dS5FFRU.html?lid=8mYmHqsyIo7.search.278&securityId=YfbiBG7LK6R7o-m1T9jN3zQ4SaedcJAZDRxDUPr9ed1LRaIxX0l3zF2-4tcXed_nf1vD4aY50V3Dhxo4pjcSUyt6Ope1iGaxKo7WS16E&sessionId=
区块链开发工程师,广州・天河区・珠江新城,信维股份,15-20K,本科,计算机硬件,https://www.zhipin.com/job_detail/2474d193b233b8dd1nx82dW9E1RU.html?lid=8mYmHqsyIo7.search.279&securityId=ZLfr7qZs-j1hN-M1rzXucYBbTkmEa6SnCHiPJBdm1nCq_t3sy2TTwj5t_P7o_2K6B5V1GjfS2KxuOESpDpJ7s_u8Mtf1ghGBHuOEXaRz3zL65ULndg~~&sessionId=
服务器资深开发工程师,广州・天河区・冼村,当红,20-30K・16薪,本科,电子商务,https://www.zhipin.com/job_detail/b42b5a999e51817b03R_09i_EVc~.html?lid=8mYmHqsyIo7.search.280&securityId=yjuYsDhHxj9Xw-_1DC2PJGxxXaa1vura5agNBOEWnRU2_tZPAH6SVwQDmkcdjTzb9TcDnbw0xWYZaYsAZfs1Nhff3g3l4P9lPVXm27F0o_jZzhrx&sessionId=
少儿编程课研经理,广州・番禺区・长隆,今之港,10-15K,本科,在线教育,https://www.zhipin.com/job_detail/b112ff7a2dd545911XF_3d6-EFtV.html?lid=8mYmHqsyIo7.search.281&securityId=iPaJdLdc8QAXQ-B1dutHKdMa4ERWEkVCZuCPMhOditwSdT6OrlNvroT4S2zEWqbENNWg1LQueWxygf2ufHxpP_vl-epHiu4dW8MxR4yjceb652znCiJKCOj2jzdg0RY73Gp20I0KccyztHbLBqbL&sessionId=
数据挖掘,广州・天河区・冼村,中康数字科技有限公司,14-24K・14薪,本科,医疗健康,https://www.zhipin.com/job_detail/a0bce7ae54b9a2dc1XZ639m8EFdR.html?lid=8mYmHqsyIo7.search.282&securityId=psiqM4ZXyTP7j-h1RK23cWsEzHUWGLQHBt-a215tv42024z0gutXQ4N_PlFTlBOmcwDN_ThR2inzGFJXbExD7HK2TSDJTkKMxn6xU9-d9CSTachk7yw~&sessionId=
AI算法工程师,广州・越秀区・黄花岗,中科股份,20-30K,本科,企业服务,https://www.zhipin.com/job_detail/9164cd01188e9a4d1X1y09W9EFI~.html?lid=8mYmHqsyIo7.search.283&securityId=kR34MHZLY3G7a-V1M6Xp1ZyWap59YBZ7lFaP7FQc1ASfo5RZMWfe2D1WJsfWBkGo_Ce_TKkSpp8OTm5nzfCKKQrvLttkXHJhvnaYAlMvyOZfqY4~&sessionId=
技术美术（Tools&Pipeline),广州・海珠区・琶洲,今日头条,25-50K・15薪,本科,移动互联网,https://www.zhipin.com/job_detail/900d2d2e1d4ab5d01XF63dS7GVJY.html?lid=8mYmHqsyIo7.search.284&securityId=yKi2a2_PLJ2HQ-417MiX0GYt40vouNt4y6XbFiwjrnumYPZTWW1_kGPC0PFTR16lpIA_3Z09iYjRWoxSzwqVSuPoLewVM0buIII7DDtKBaWeIE0~&sessionId=
算法工程师（智能汽车工程师/Slam工程师）,广州・黄埔区・科学城,易飒智能科技,14-22K,本科,智能硬件,https://www.zhipin.com/job_detail/6efa85a07e9f10611n183ti8GVdX.html?lid=8mYmHqsyIo7.search.285&securityId=voszt9xoea0Pg-C1dE9sGA-XeR0tzB96bW_Y17iJFdJdqAtfEmkPKABONGEYcXt32UqfBVeuJC_WlmHoloioIEK4Gpd62JXeMTqGwtglpHIE_1FB1A~~&sessionId=
研发效能开发工程师,广州・海珠区・客村,腾讯,20-30K,本科,互联网,https://www.zhipin.com/job_detail/7321213ea28f12061nF809m7EFBS.html?lid=8mYmHqsyIo7.search.286&securityId=WyfFqeYBZGIVN-P1hDHMRFneqnnThMLZ2d0eXemXvPH1hf8F_mU_JYsVPcpPzZ-WCx1FTKam_NyTdBd-a-Xn39aD1T9XTo3Ad4O7h4ILHfcyL5Ct2CiW&sessionId=
高级java开发工程师（南航驻场）,广州・白云区・机场路,绛门科技,18-19K,大专,计算机软件,https://www.zhipin.com/job_detail/e49ac53f936a680a1XR-09u9F1VR.html?lid=8mYmHqsyIo7.search.287&securityId=sGxjQKcITP-6o-31WZ6lDExua8XDS1Wbi8JFF60SpHpphM7MYa4q4TmTUh5BJr6a9e0E3LUJlBN2f0dGBkrba7uLXerb0tsX5oofFUOhylr0lfFS&sessionId=
少儿编程教师,广州・白云区・石井,起跑线教育培训,5-10K,学历不限,培训机构,https://www.zhipin.com/job_detail/49890fbe9ac051381XB60924FlBT.html?lid=8mYmHqsyIo7.search.288&securityId=UieuNj8xBszgi-f1ggd7Epp1E77JH4qd-D0i8t5fqFgIhHJ6IQjWJpYIAM_YTiSNQ5AclTBcHPUMk_zq5WWC6yooW6Y_KjpzWnbP8r2Jz4Jt50BhKg~~&sessionId=
数据处理实习生,广州・越秀区・建设路,精诚合创,120-130元/天,3个月,企业服务,https://www.zhipin.com/job_detail/80313d63907a1a061XR_3dS6FldX.html?lid=8mYmHqsyIo7.search.289&securityId=nBfQAmmlXO7mC-j1uPu588_1OSkmZlib9BfWpaP_s6PFchu5ZLhQ1i9mJJkARqHv2BNMiS0D_Qbfo2s-biAfdLEhKVSndcudHREy5rHFCWYJhH-4oA~~&sessionId=
RPA实施工程师,广州・天河区・天河客运站,分叉智能科技,9-14K・15薪,本科,计算机软件,https://www.zhipin.com/job_detail/e64a40bb31ee9db61XBy3ty8FVRY.html?lid=8mYmHqsyIo7.search.290&securityId=NHULxA42lojLq-w1xdI4qfzz8120K0_V2A7opa9g0OAxHt3QEzF_qFLQFQIqHPUPEvFZW6q2HavS3ptrcnoXhtwrebt5V6hFXSn50vteCShhdKFZ8g~~&sessionId=
AI产品经理,广州・天河区・体育中心,广州万隆,8-12K,硕士,证券/期货,https://www.zhipin.com/job_detail/c78e7419239b02101XJ52t6-EVFU.html?lid=8mYmHqsyIo7.search.291&securityId=SvGQWDToS4TBL-81-RoEHybX6ZH0AW57bdJ8OS6kpOxZE-9V5a5kyBO6td4KDG3a36XH46dmv0XN9jrgXnMwIZ3y7VCpj5bPDZ0Lah0nDe9sIXZs3g~~&sessionId=
专利工程师(通信）,广州・越秀区・沿江路,北京博思佳,7-10K・13薪,本科,专利/商标/知识产权,https://www.zhipin.com/job_detail/9bb37c224fa065091XVz3dW-F1tT.html?lid=8mYmHqsyIo7.search.292&securityId=RCzVoxMpQD9H4-K1UdC9cN6xAa7KCes5gmmr0NIS2AuCyoOkE5Qas0_nJCKGOZb_gto6b2BPz4MVxxwBekwP6eYrPzMr3JrQ_D1rLsgij3LFsXuqBXBXf54Do1TTulJvsVzN99a-l_qWV_uHVMe29w~~&sessionId=
中级系统工程师,广州・黄埔区・中心城,尚航科技,8-13K・13薪,大专,数据服务,https://www.zhipin.com/job_detail/9c3a79ed33990ac11Xdz29i_GVNT.html?lid=8mYmHqsyIo7.search.293&securityId=TBxr2Ax3un9Qy-W1za6ivJOO4UQhZtSExn3c4mnrWl86uvplZtoTz8JDGET90yTbQlYntAoHBnIUEOhUs4ZcIrSJ1DITvS5pXYa3S1tiW2cZ8rML&sessionId=
数据开发工程师,广州・天河区・岑村,德勤,12-24K,本科,咨询,https://www.zhipin.com/job_detail/bb42cbe238833f131XZz39q1GVRS.html?lid=8mYmHqsyIo7.search.294&securityId=LN_09weZRmS1F-P1sE6l60bTRerGodwobWQsO9ZJlKiftV3lWUo0eqCs-77LESLr8hI1NJ0ojMJCK9SA8RYHO9EzmaerjIUkMRDniFkb2MQAGCoUiVMU&sessionId=
数据分析师,广州・海珠区・新港西路沿线,云墨数字,10-15K,大专,广告/公关/会展,https://www.zhipin.com/job_detail/cbb533e23a5dd50d1XBz2dq_GFVQ.html?lid=8mYmHqsyIo7.search.295&securityId=vrpzgV1Q1wHBV-21NFT6k0eWyS2vaJkrQ5jr2ULhMDl3AQVWLlPcQydWGvGHIwTw0bbOT7EQWrq8NQI6lcC_0ryoSCF2t_xdD8pOWLakIlLL_7CvZE3S&sessionId=
游戏服务器开发工程师 (MJ000140),广州・南沙区・南沙区府,宸境,30-60K・13薪,本科,计算机软件,https://www.zhipin.com/job_detail/95ae59dcacb765b51XVz3d67GFNW.html?lid=8mYmHqsyIo7.search.296&securityId=1SDaOu1F_icJ6-H1ItgipfTwfJVDh_rGHfn4s16WGMyKDa32innThokDAlAzHY12PszwWCa9zbOGuSJS9D8Vuc61djczgl1h0ZQyeFHHBZgKF0Cd3ag~&sessionId=
少儿编程老师（双休）,广州・越秀区・东风东,卡沃科技教育,6-9K,大专,培训机构,https://www.zhipin.com/job_detail/624c39658f49e9a11XB_0967F1dQ.html?lid=8mYmHqsyIo7.search.297&securityId=hh2Lo2l1eHilU-G1lHavmQYvEE2uv8_hzVUrunX8W6ynBlIpY06eiAUG86n3QkpF7dc9PB-lUkr96R3htZ4yGtnay3DpbrmNzTmaINlsq7JDzTf0oQ~~&sessionId=
Linux技术支持工程师,广州・天河区・天河北,北京神州立诚,5-8K,大专,计算机软件,https://www.zhipin.com/job_detail/1935d8a2aa8ea0201XN939W_Elc~.html?lid=8mYmHqsyIo7.search.298&securityId=SFOrxpHIpGHhr-51bYRMZzEkiTZFpMWAUTTbrsyS_n9Xk0SfrsqN080e8xlxbQoyIZADe44pciMebEZe-UHPnC_uvG3wGI5LfMAFj2uvil90N7NJ&sessionId=
iOS开发工程师,广州・天河区・棠下,广州火树网络科技,14-25K,大专,游戏,https://www.zhipin.com/job_detail/49624c2b021378661XV82Nu1E1pQ.html?lid=8mYmHqsyIo7.search.299&securityId=dS1TeNPUe2sEZ-j1_Q-QmrOfDkAe4Cmj0PXaWfbR5HR2NagR9xq8MP-ej3SJJBckNOaOuT3x9ltK6MoN_QXjokLvf2hUDZkmK98aEjxNmJapU3XWkz9d29dogaPMaQnFr3BPRJJewyoD6gTMKFtH&sessionId=
SOC配置管理工程师,广州・黄埔区・科学城,新华三技术有限公司,15-30K・14薪,本科,计算机软件,https://www.zhipin.com/job_detail/40e342965baf95021XF-3d-9FFFX.html?lid=8mYmHqsyIo7.search.300&securityId=PT4OjHGsro7U1-41MSdUAFIdSXMBWM7-SAbhf83_vvwbwI2Jxtagph1co1U89LTxe08ETy8WsMXBdICJdnVV8ItBV7N_qg5yAvafaszgIUcpK4H4&sessionId=
